# cvar	default	flags	flags_decoded	read_by_native	cheat	source	tier
Allow_auto_Party	0	0x2	DEVELOPMENTONLY	1	0	static	A
AutoRejectInviteToPlay	0	0x80000	ARCHIVE_XBOX	1	0	static	A
AutoRejectNewRules	1	0x2	DEVELOPMENTONLY	1	0	static	A
Backtrace_RuiDump_GroupCountThreshold	100	0x80000	ARCHIVE_XBOX	1	0	static	A
Backtrace_RuiDump_TopLimitForEachGroup	8	0x80000	ARCHIVE_XBOX	1	0	static	A
BlendBonesMode	2	0x2002	DEVELOPMENTONLY|REPLICATED	1	0	static	A
ClientPakFile_scriptFakeDelay	0	0x2	DEVELOPMENTONLY	0	0	static	A
CrossPlay_user_optin	1	0x1000200	USERINFO|SCRIPTS_ONLY	1	0	static	A
DigiCertGlobalRoot_usable	1	0x2	DEVELOPMENTONLY	1	0	static	A
DoorSoundPrefixDouble	Door_Single_	0x2	DEVELOPMENTONLY	1	0	static	A
DoorSoundPrefixSingle	Door_Single_	0x2	DEVELOPMENTONLY	1	0	static	A
EADP_AcceptInvite_Check_isAcceptingInvite	1	0x2	DEVELOPMENTONLY	1	0	static	A
EADP_RTM_DELAY_QUERRY_SCRIPT_SECONDS	1	0x2	DEVELOPMENTONLY	1	0	static	A
EADP_RTM_DELAY_QUERRY_SECONDS	2	0x2	DEVELOPMENTONLY	1	0	static	A
EADP_RTM_Enabled	1	0x2	DEVELOPMENTONLY	1	0	static	A
EADP_RTM_Productid	r5	0x2	DEVELOPMENTONLY	1	0	static	A
EADP_SEARCH_Enabled	1	0x2	DEVELOPMENTONLY	1	0	static	A
EADP_code_redemption_enabled	1	0x2	DEVELOPMENTONLY	1	0	static	A
EADP_code_redemption_hostname	proxy/commerce_gateway/coderedemption/redeem	0x2	DEVELOPMENTONLY	1	0	static	A
EADP_friends_invite_has_platform	1	0x2	DEVELOPMENTONLY	1	0	static	A
EADP_http_inbound_friend_invite_can_use_commentforname	1	0x2	DEVELOPMENTONLY	1	0	static	A
EADP_optin_datachange_throttle	2	0x2	DEVELOPMENTONLY	1	0	static	A
EADP_search_accountname_count	20	0x2	DEVELOPMENTONLY	1	0	static	A
EADP_search_use_starts_with	1	0x2	DEVELOPMENTONLY	1	0	static	A
EADP_server_environment	INT	0x2	DEVELOPMENTONLY	1	0	static	A
EADP_um_debug	0	0x2	DEVELOPMENTONLY	0	0	static	A
EADP_um_enabled	1	0x2	DEVELOPMENTONLY	1	0	static	A
EADP_um_forceError	0	0x2	DEVELOPMENTONLY	0	0	static	A
EADP_um_inbox_message_enabled	1	0x2	DEVELOPMENTONLY	1	0	static	A
EADP_um_inbox_message_trigger_id_int	inbox_test	0x2	DEVELOPMENTONLY	1	0	static	A
EADP_um_inbox_message_trigger_id_prod	inbox_prod	0x2	DEVELOPMENTONLY	1	0	static	A
EADP_um_path	em/v4.5/action	0x2	DEVELOPMENTONLY	1	0	static	A
EADP_um_promo_id	fetchpromo	0x2	DEVELOPMENTONLY	1	0	static	A
EADP_um_trigger_message_api_auth_token	eNoskFuza0AUhP/RKdeEx0SEIZsgjPGSMu7MCHH364996jyt6q97VXV1thkl1pLKrgzP3wFrVYb8J9sM	0x2	DEVELOPMENTONLY	0	0	static	A
EADP_um_trigger_message_api_env_int	inbox-int	0x2	DEVELOPMENTONLY	1	0	static	A
EADP_um_trigger_message_api_env_prod	inbox-prod	0x2	DEVELOPMENTONLY	0	0	static	A
EADP_um_trigger_message_api_hostname	pin-um-network-ui-persistence.data.ea.com	0x2	DEVELOPMENTONLY	0	0	static	A
EADP_um_trigger_message_enabled	0	0x2	DEVELOPMENTONLY	0	0	static	A
ListPanel_DestroyElementWhenInvisible	1	0x2	DEVELOPMENTONLY	1	0	static	A
OriginAllowRebootClientAuthTokens	1	0x2	DEVELOPMENTONLY	1	0	static	A
OriginRebootClientAuthTokens_Retryinterval	1	0x2	DEVELOPMENTONLY	1	0	static	A
Origin_VXS_Enabled	1	0x2	DEVELOPMENTONLY	1	0	static	A
PATCH_allow	1	0x80000	ARCHIVE_XBOX	1	0	static	A
PATCH_file_endpoint	fastpatch-general.r5prod.stryder.respawn.com	0x2	DEVELOPMENTONLY	1	0	static	A
PATCH_forceRunDirectory		0x80000	ARCHIVE_XBOX	1	0	static	A
PATCH_ingameui	1	0x80000	ARCHIVE_XBOX	0	0	static	A
PATCH_ingameui_interval	3600	0x80000	ARCHIVE_XBOX	0	0	static	A
PATCH_installed_ui_rpak_version		0x2	DEVELOPMENTONLY	1	0	static	A
PATCH_installed_version		0x2	DEVELOPMENTONLY	1	0	static	A
PATCH_rules_endpoint	fastpatch-rules.r5prod.stryder.respawn.com	0x2	DEVELOPMENTONLY	1	0	static	A
PATCH_staged_version		0x2	DEVELOPMENTONLY	1	0	static	A
PATCH_using_version		0x2	DEVELOPMENTONLY	1	0	static	A
PATCH_want_version		0x2	DEVELOPMENTONLY	1	0	static	A
PTCH_allow_stage_logic	1	0x80000	ARCHIVE_XBOX	1	0	static	A
PTCH_allways_stage	0	0x80000	ARCHIVE_XBOX	1	0	static	A
PTCH_blocking_maxduration	12.0	0x80000	ARCHIVE_XBOX	1	0	static	A
PTCH_maxRetriesFiles	1	0x2	DEVELOPMENTONLY	1	0	static	A
PTCH_maxRetriesRules	1	0x2	DEVELOPMENTONLY	1	0	static	A
PTCH_max_active_staged_filegets	2	0x80000	ARCHIVE_XBOX	1	0	static	A
PTCH_seconds_stage_polls	1800	0x2	DEVELOPMENTONLY	1	0	static	A
PTCH_stage_maxRetries	3	0x80000	ARCHIVE_XBOX	1	0	static	A
PTCH_stage_timeout_file	200	0x80000	ARCHIVE_XBOX	1	0	static	A
PTCH_stage_timeout_rules	200	0x80000	ARCHIVE_XBOX	1	0	static	A
PTCH_use_alt_endpoint	0	0x80000	ARCHIVE_XBOX	1	0	static	A
PresenceForFirstPartyFriends	1	0x2	DEVELOPMENTONLY	1	0	static	A
ScriptDisallowedToUsePersistenceOnSP	0	0x2002	DEVELOPMENTONLY|REPLICATED	1	0	static	A
ScriptSaveAllowed	1	0x2002	DEVELOPMENTONLY|REPLICATED	0	0	static	A
StreamMicDisabled	0	0x2	DEVELOPMENTONLY	1	0	static	A
Stryder3PToken_debug	0	0x2	DEVELOPMENTONLY	0	0	static	A
StryderEaIdFetchEnabled	1	0x2	DEVELOPMENTONLY	1	0	static	A
StryderUseClientJwt	1	0x2	DEVELOPMENTONLY	1	0	static	A
TLS_trust_cert	0	0x2	DEVELOPMENTONLY	1	0	static	A
TextDataFromCommunityOnlyInLobby	1	0x2	DEVELOPMENTONLY	1	0	static	A
VoiceChatMode	0	0x80	ARCHIVE	1	0	static	A
VoiceDataFromCommunityOnlyInLobby	1	0x2	DEVELOPMENTONLY	1	0	static	A
VoiceNeedsReset	0	0x2	DEVELOPMENTONLY	1	0	static	A
XLOG_DigiCertGlobalRoot_usable	1	0x2	DEVELOPMENTONLY	1	0	static	A
XLOG_TLS_hostname		0x2	DEVELOPMENTONLY	1	0	static	A
XLOG_TLS_secure_conn	1	0x2	DEVELOPMENTONLY	1	0	static	A
XLOG_TLS_trust_cert	0	0x2	DEVELOPMENTONLY	1	0	static	A
XLOG_telemetry_buffer_sends_per_second	60	0x2	DEVELOPMENTONLY	1	0	static	A
XLOG_telemetry_shortcircuit	0	0x80000	ARCHIVE_XBOX	1	0	static	A
XLOG_telemetry_socket_recv_freq	0.3	0x2	DEVELOPMENTONLY	1	0	static	A
XLOG_telemetry_socket_send_freq	30	0x2	DEVELOPMENTONLY	1	0	static	A
XLOG_telemetry_streams		0x2	DEVELOPMENTONLY	1	0	static	A
account_progression_version	3	0x2002	DEVELOPMENTONLY|REPLICATED	0	0	static	A
adjustableCharacterBoostIndirectDiffuse	1.5	0x2	DEVELOPMENTONLY	1	0	static	A
ai_titan_grapple_max_len	3000	0x2002	DEVELOPMENTONLY|REPLICATED	1	0	static	A
aimassist_adspull			(動的登録: 既定値は静的取得不可)	1	0	dynamic	C
aimassist_adspull_allow_npc_override			(動的登録: 既定値は静的取得不可)	1	0	dynamic	C
aimassist_enabled_sniper_scopes			(動的登録: 既定値は静的取得不可)	1	0	dynamic	C
aimassist_filter_aim_coefficient	0.08	0x2	DEVELOPMENTONLY	1	0	static	A
aimassist_filter_aim_enabled	1	0x2	DEVELOPMENTONLY	1	0	static	A
aimassist_filter_enabled	0	0x2	DEVELOPMENTONLY	1	0	static	A
aimassist_filter_final_coefficient	0.02	0x2	DEVELOPMENTONLY	1	0	static	A
aimassist_filter_final_enabled	0	0x2	DEVELOPMENTONLY	1	0	static	A
aimassist_filter_movement_coefficient	0.1	0x2	DEVELOPMENTONLY	1	0	static	A
aimassist_filter_movement_enabled	0	0x2	DEVELOPMENTONLY	1	0	static	A
aimassist_filter_plv_aim_coefficient			(動的登録: 既定値は静的取得不可)	1	0	dynamic	C
aimassist_filter_plv_aim_enabled			(動的登録: 既定値は静的取得不可)	1	0	dynamic	C
aimassist_filter_plv_enabled			(動的登録: 既定値は静的取得不可)	1	0	dynamic	C
aimassist_filter_plv_final_coefficient			(動的登録: 既定値は静的取得不可)	1	0	dynamic	C
aimassist_filter_plv_final_enabled			(動的登録: 既定値は静的取得不可)	1	0	dynamic	C
aimassist_filter_plv_movement_coefficient			(動的登録: 既定値は静的取得不可)	1	0	dynamic	C
aimassist_filter_plv_movement_enabled			(動的登録: 既定値は静的取得不可)	1	0	dynamic	C
aimassist_filter_plv_threshold_aim_coefficient			(動的登録: 既定値は静的取得不可)	1	0	dynamic	C
aimassist_filter_plv_threshold_aim_enabled			(動的登録: 既定値は静的取得不可)	1	0	dynamic	C
aimassist_filter_plv_threshold_movement_coefficient			(動的登録: 既定値は静的取得不可)	1	0	dynamic	C
aimassist_filter_plv_threshold_movement_enabled			(動的登録: 既定値は静的取得不可)	1	0	dynamic	C
aimassist_filter_threshold_aim_coefficient	0.05	0x2	DEVELOPMENTONLY	1	0	static	A
aimassist_filter_threshold_aim_enabled	1	0x2	DEVELOPMENTONLY	1	0	static	A
aimassist_filter_threshold_movement_coefficient	0.05	0x2	DEVELOPMENTONLY	1	0	static	A
aimassist_filter_threshold_movement_enabled	0	0x2	DEVELOPMENTONLY	1	0	static	A
aimassist_magnet_inputThresholdLook	0.03	0x2	DEVELOPMENTONLY	1	0	static	A
aimassist_magnet_inputThresholdMove	0.10	0x2	DEVELOPMENTONLY	1	0	static	A
aimassist_magnet_pc			(動的登録: 既定値は静的取得不可)	1	0	dynamic	C
aimassist_magnet_plv_inputThresholdLook			(動的登録: 既定値は静的取得不可)	1	0	dynamic	C
aimassist_magnet_plv_inputThresholdMove			(動的登録: 既定値は静的取得不可)	1	0	dynamic	C
aimassist_magnet_sniper_scopes_pc			(動的登録: 既定値は静的取得不可)	1	0	dynamic	C
aimassist_magnet_vantage_large_scope_pc			(動的登録: 既定値は静的取得不可)	1	0	dynamic	C
aimassist_magnet_vantage_small_scope_pc			(動的登録: 既定値は静的取得不可)	1	0	dynamic	C
aimassist_plv_target_radius_velocityScale_enabled			(動的登録: 既定値は静的取得不可)	1	0	dynamic	C
aimassist_sp_rules			(動的登録: 既定値は静的取得不可)	1	0	dynamic	C
airslowmo_enabled	0	0x2002	DEVELOPMENTONLY|REPLICATED	1	0	static	A
airslowmo_enter_time	0.25	0x2002	DEVELOPMENTONLY|REPLICATED	1	0	static	A
airslowmo_ground_immediate_end	0	0x2002	DEVELOPMENTONLY|REPLICATED	1	0	static	A
airslowmo_leave_time	1.0	0x2002	DEVELOPMENTONLY|REPLICATED	1	0	static	A
airslowmo_scripted_speed	0.8	0x2002	DEVELOPMENTONLY|REPLICATED	1	0	static	A
airslowmo_when_hovering	1	0x2002	DEVELOPMENTONLY|REPLICATED	1	0	static	A
allowOffhandToSkipSequenceResetOnModelChanged	1	0x82000	REPLICATED|ARCHIVE_XBOX	1	0	static	A
allow_comms_filter	1	0x2	DEVELOPMENTONLY	1	0	static	A
allow_extended_range_use_ents	1	0x2	DEVELOPMENTONLY	1	0	static	A
allow_gamemode_dvs_adjustment_on_pc	0	0x4000	CHEAT	1	1	static	A
allow_gamemode_dvs_adjustment_without_aa	0	0x4000	CHEAT	1	1	static	A
always_touch_triggers_cl	0	0x2	DEVELOPMENTONLY	1	0	static	A
animEvent_debug	0	0x2002	DEVELOPMENTONLY|REPLICATED	0	0	static	A
animEvent_debugEnt	0	0x2002	DEVELOPMENTONLY|REPLICATED	0	0	static	A
animEvent_debug_cl	0	0x2	DEVELOPMENTONLY	0	0	static	A
animEvent_imgui	0	0x6002	DEVELOPMENTONLY|REPLICATED|CHEAT	0	1	static	A
animStateGestureSlotTestPlayerSeq	1	0x2002	DEVELOPMENTONLY|REPLICATED	1	0	static	A
anim_playerMovementAngleMargin	10	0x2002	DEVELOPMENTONLY|REPLICATED	1	0	static	A
anim_player_ragdoll_fix	1	0x2002	DEVELOPMENTONLY|REPLICATED	1	0	static	A
anim_print_transition_overflow	0	0x2002	DEVELOPMENTONLY|REPLICATED	0	0	static	A
anim_set_prev_seq_reporting	1	0x2	DEVELOPMENTONLY	1	0	static	A
anim_showstate	-1	0x6002	DEVELOPMENTONLY|REPLICATED|CHEAT	0	1	static	A
anim_showstatelog	0	0x6002	DEVELOPMENTONLY|REPLICATED|CHEAT	0	1	static	A
anim_transitionsequences	1	0x2002	DEVELOPMENTONLY|REPLICATED	1	0	static	A
anim_view_entity_third_person_camera_use_move_parent	0	0x2002	DEVELOPMENTONLY|REPLICATED	1	0	static	A
anim_window_debug	0	0x2002	DEVELOPMENTONLY|REPLICATED	0	0	static	A
anim_window_imgui	0	0x2	DEVELOPMENTONLY	0	0	static	A
announcement		0x12	DEVELOPMENTONLY|HIDDEN	0	0	static	A
area_cloak_material_set	0	0x2002	DEVELOPMENTONLY|REPLICATED	1	0	static	A
armored_leap_disable_player_move_input	1	0x2002	DEVELOPMENTONLY|REPLICATED	1	0	static	A
arsenal_debug	0	0x2002	DEVELOPMENTONLY|REPLICATED	0	0	static	A
assert_on_activate_weapon_in_lobby	1	0x2	DEVELOPMENTONLY	0	0	static	A
assetdownloads_NeedsTempFileLogic	0	0x2	DEVELOPMENTONLY	1	0	static	A
assetdownloads_allow_outside_lobby	1	0x2	DEVELOPMENTONLY	1	0	static	A
assetdownloads_desiredState	1	0x2	DEVELOPMENTONLY	1	0	static	A
assetdownloads_enabled	1	0x2	DEVELOPMENTONLY	1	0	static	A
assetdownloads_forceError	0	0x2	DEVELOPMENTONLY	0	0	static	A
assetdownloads_hostname	r5-assets.stryder.respawn.com	0x2	DEVELOPMENTONLY	1	0	static	A
assetdownloads_log_level	2	0x2	DEVELOPMENTONLY	0	0	static	A
assetdownloads_trace_script_ui	0	0x2	DEVELOPMENTONLY	0	0	static	A
assetdownloads_verify_after_file_received	1	0x2	DEVELOPMENTONLY	1	0	static	A
assetdownloads_verify_after_file_write	1	0x2	DEVELOPMENTONLY	1	0	static	A
async_read_helper_uncompressed_job_fix	1	0x2	DEVELOPMENTONLY	1	0	static	A
async_serialize	0	0x2	DEVELOPMENTONLY	1	0	static	A
attachment_orthogonal_warnings	0	0x2	DEVELOPMENTONLY	0	0	static	A
autoConnect	0	0x80000	ARCHIVE_XBOX	0	0	static	A
autohitch	0	0x2	DEVELOPMENTONLY	0	0	static	A
automantle_backoff_anim_maxfrac	0.7	0x2002	DEVELOPMENTONLY|REPLICATED	1	0	static	A
automantle_cooldown	.25	0x2002	DEVELOPMENTONLY|REPLICATED	1	0	static	A
automantle_dangle_required_space	60	0x2002	DEVELOPMENTONLY|REPLICATED	1	0	static	A
automantle_debug	0	0x2002	DEVELOPMENTONLY|REPLICATED	0	0	static	A
automantle_disable_hang	0	0x2002	DEVELOPMENTONLY|REPLICATED	1	0	static	A
automantle_enable	1	0x2002	DEVELOPMENTONLY|REPLICATED	1	0	static	A
automantle_forwarddist	26.f	0x2002	DEVELOPMENTONLY|REPLICATED	1	0	static	A
automantle_gun_enable_height	33	0x2002	DEVELOPMENTONLY|REPLICATED	1	0	static	A
automantle_height_above	30	0x2002	DEVELOPMENTONLY|REPLICATED	1	0	static	A
automantle_height_below	-10	0x2002	DEVELOPMENTONLY|REPLICATED	1	0	static	A
automantle_height_level	10	0x2002	DEVELOPMENTONLY|REPLICATED	1	0	static	A
automantle_jumpoff_anim_maxfrac	0.5	0x2002	DEVELOPMENTONLY|REPLICATED	1	0	static	A
automantle_jumpoff_duration	0.1	0x2002	DEVELOPMENTONLY|REPLICATED	1	0	static	A
automantle_maxangle_push	50	0x2002	DEVELOPMENTONLY|REPLICATED	1	0	static	A
automantle_maxangle_view	50	0x2002	DEVELOPMENTONLY|REPLICATED	1	0	static	A
automantle_mindist	18.f	0x2002	DEVELOPMENTONLY|REPLICATED	1	0	static	A
automantle_rest_frac	0.4	0x2002	DEVELOPMENTONLY|REPLICATED	1	0	static	A
automantle_rest_frac_below	0.3	0x2002	DEVELOPMENTONLY|REPLICATED	1	0	static	A
automantle_searchdist	5.f	0x2002	DEVELOPMENTONLY|REPLICATED	1	0	static	A
automantle_trace_debug	0	0x2002	DEVELOPMENTONLY|REPLICATED	0	0	static	A
automantle_view_high_yaw_max	90	0x4000	CHEAT	1	1	static	A
automantle_view_pitch_max	35	0x4000	CHEAT	1	1	static	A
automantle_view_pitch_min	-80	0x4000	CHEAT	1	1	static	A
automantle_view_yaw_max	60	0x4000	CHEAT	1	1	static	A
automantle_wallrun_maxangle_view	45	0x2002	DEVELOPMENTONLY|REPLICATED	1	0	static	A
backtrace_disable	0	0x2	DEVELOPMENTONLY	1	0	static	A
backtrace_reporting_disconnect	0	0x2	DEVELOPMENTONLY	1	0	static	A
backtrace_reporting_error	1	0x2	DEVELOPMENTONLY	1	0	static	A
banktilt_accel	14	0x2002	DEVELOPMENTONLY|REPLICATED	1	0	static	A
banktilt_maxvel	4	0x2002	DEVELOPMENTONLY|REPLICATED	1	0	static	A
baseanimatingoverlay_playbackRateThreshold	0.05	0x2	DEVELOPMENTONLY	1	0	static	A
baselines_print	0	0x2	DEVELOPMENTONLY	0	0	static	A
battlepass_unlock_all_weeklies	0	0x2002	DEVELOPMENTONLY|REPLICATED	0	0	static	A
bind_US_standard			(動的登録: 既定値は静的取得不可)	1	0	dynamic	C
bind_exec_sanitize	1	0x2	DEVELOPMENTONLY	1	0	static	A
bind_held_US_standard			(動的登録: 既定値は静的取得不可)	1	0	dynamic	C
bink_materials_enabled	1	0x2	DEVELOPMENTONLY	1	0	static	A
bleedout_sliding_disables_jump	1	0x2002	DEVELOPMENTONLY|REPLICATED	1	0	static	A
boost_jetwash_prediction_factor	20.0f	0x2002	DEVELOPMENTONLY|REPLICATED	1	0	static	A
bot_lagOut	0	0x2	DEVELOPMENTONLY	1	0	static	A
bot_num_exclusive_teams	0	0x2	DEVELOPMENTONLY	0	0	static	A
botprofile_hostname		0x80020	PROTECTED|ARCHIVE_XBOX	1	0	static	A
breach_trace_use_object_placement_special	1	0x2002	DEVELOPMENTONLY|REPLICATED	1	0	static	A
brushmodel_colors	0	0x6000	REPLICATED|CHEAT	1	1	static	A
budget_animatingEntities	6000	0x2	DEVELOPMENTONLY	1	0	static	A
budget_animationOverlayEntities	260	0x2	DEVELOPMENTONLY	1	0	static	A
budget_combatCharEntities	200	0x2	DEVELOPMENTONLY	1	0	static	A
budget_weaponEntities	1500	0x2	DEVELOPMENTONLY	1	0	static	A
budget_ziplineGrowCount	100	0x2	DEVELOPMENTONLY	1	0	static	A
budget_ziplineInitialEntities	100	0x2	DEVELOPMENTONLY	1	0	static	A
budget_ziplineMaxEntitiesEver	1000	0x2	DEVELOPMENTONLY	1	0	static	A
bug_reproNum	0	0x2002	DEVELOPMENTONLY|REPLICATED	1	0	static	A
build_nonmerged	1	0x2	DEVELOPMENTONLY	1	0	static	A
buildcubemaps_async	1	0x4000	CHEAT	0	1	static	A
buildcubemaps_default_cubemap	engine/default_cubemap	0x4000	CHEAT	0	1	static	A
buildcubemaps_first_pass_behavior	1	0x4000	CHEAT	0	1	static	A
buildcubemaps_index	-1	0x4000	CHEAT	0	1	static	A
buildcubemaps_preconvolve	1	0x4000	CHEAT	1	1	static	A
buildcubemaps_pvs_start_early	1	0x4000	CHEAT	0	1	static	A
buildcubemaps_single_step	0	0x4000	CHEAT	0	1	static	A
building_cubemaps	0	0x4000	CHEAT	1	1	static	A
bulletPredictionDebug	0	0x2002	DEVELOPMENTONLY|REPLICATED	0	0	static	A
bullet_trace_test_debug	0	0x2002	DEVELOPMENTONLY|REPLICATED	0	0	static	A
bullet_trace_test_enable	0	0x2002	DEVELOPMENTONLY|REPLICATED	0	0	static	A
c_dropship_ground_fx_dist_interval	256	0x2	DEVELOPMENTONLY	1	0	static	A
c_dropship_ground_fx_time_interval	0.25	0x2	DEVELOPMENTONLY	1	0	static	A
c_dropship_rope_debug	0	0x2	DEVELOPMENTONLY	0	0	static	A
c_dropship_rope_events	1	0x2	DEVELOPMENTONLY	1	0	static	A
c_dropship_rope_magnitude	128	0x2	DEVELOPMENTONLY	1	0	static	A
c_dropship_rope_range	1024	0x2	DEVELOPMENTONLY	1	0	static	A
c_hover_vehicle_ground_fx_dist_interval	768	0x2	DEVELOPMENTONLY	1	0	static	A
c_hover_vehicle_ground_fx_time_interval	1.5	0x2	DEVELOPMENTONLY	1	0	static	A
c_maxdistance	400	0x2	DEVELOPMENTONLY	1	0	static	A
c_maxpitch	90	0x2	DEVELOPMENTONLY	1	0	static	A
c_maxyaw	135	0x2	DEVELOPMENTONLY	1	0	static	A
c_mindistance	30	0x2	DEVELOPMENTONLY	1	0	static	A
c_minpitch	0	0x2	DEVELOPMENTONLY	1	0	static	A
c_minyaw	-135	0x2	DEVELOPMENTONLY	1	0	static	A
c_thirdpersonshoulderaimdistADS_110	35.0	0x2	DEVELOPMENTONLY	1	0	static	A
c_thirdpersonshoulderaimdistADS_70	50.0	0x2	DEVELOPMENTONLY	1	0	static	A
c_thirdpersonshoulderaimdistADS_90	40.0	0x2	DEVELOPMENTONLY	1	0	static	A
c_thirdpersonshoulderaimdist_110	60.0	0x2	DEVELOPMENTONLY	1	0	static	A
c_thirdpersonshoulderaimdist_70	100.0	0x2	DEVELOPMENTONLY	1	0	static	A
c_thirdpersonshoulderaimdist_90	75.0	0x2	DEVELOPMENTONLY	1	0	static	A
c_thirdpersonshoulderdist	0.0	0x2	DEVELOPMENTONLY	1	0	static	A
c_thirdpersonshouldergetsviewpunch	1	0x2	DEVELOPMENTONLY	1	0	static	A
c_thirdpersonshoulderheight	0.0	0x2	DEVELOPMENTONLY	1	0	static	A
c_thirdpersonshoulderoffset	17.0	0x2	DEVELOPMENTONLY	1	0	static	A
c_threadedAnimPostData	1	0x2	DEVELOPMENTONLY	1	0	static	A
cam_collision	1	0x2	DEVELOPMENTONLY	1	0	static	A
cam_debug_collision	0	0x2	DEVELOPMENTONLY	1	0	static	A
cam_idealdelta	4.0	0x2	DEVELOPMENTONLY	1	0	static	A
cam_idealdist	150	0x2	DEVELOPMENTONLY	1	0	static	A
cam_ideallag	4.0	0x2	DEVELOPMENTONLY	1	0	static	A
cam_idealpitch	0	0x2	DEVELOPMENTONLY	1	0	static	A
cam_idealyaw	0	0x2	DEVELOPMENTONLY	1	0	static	A
cam_pitchLock_feetRelative	0	0x2	DEVELOPMENTONLY	1	0	static	A
cam_pitchfreeze_on	0	0x2	DEVELOPMENTONLY	1	0	static	A
cam_pitchlock_on	0	0x2	DEVELOPMENTONLY	1	0	static	A
cam_pitchlock_period	1.0	0x2	DEVELOPMENTONLY	1	0	static	A
cam_pitchlock_phase	0.0	0x2	DEVELOPMENTONLY	1	0	static	A
cam_pitchlock_pitchBase	0.0	0x2	DEVELOPMENTONLY	1	0	static	A
cam_pitchlock_pitchRange	0.0	0x2	DEVELOPMENTONLY	1	0	static	A
cam_pitchlock_pitchWiggleRoom	0.0	0x2	DEVELOPMENTONLY	1	0	static	A
cam_player_viewheight_scale	1.0	0x2	DEVELOPMENTONLY	1	0	static	A
cam_showangles	0	0x2	DEVELOPMENTONLY	1	0	static	A
cam_yawfreeze_on	0	0x2	DEVELOPMENTONLY	1	0	static	A
cam_zoomfreeze_on	0	0x2	DEVELOPMENTONLY	1	0	static	A
can_stand_on_obb	1	0x2	DEVELOPMENTONLY	1	0	static	A
cant_continue_on_switch	0	0x2	DEVELOPMENTONLY	0	0	static	A
cc_captiontrace	1	0x2	DEVELOPMENTONLY	1	0	static	A
cc_global_norepeat	5	0x2	DEVELOPMENTONLY	1	0	static	A
cc_linger_time	1.0	0x80	ARCHIVE	1	0	static	A
cc_max_duration	30.0	0x2	DEVELOPMENTONLY	1	0	static	A
cc_minvisibleitems	1	0x2	DEVELOPMENTONLY	1	0	static	A
cc_predisplay_time	0.25	0x80	ARCHIVE	1	0	static	A
cc_text_size	0	0x1000000	SCRIPTS_ONLY	1	0	static	A
cc_timeshift_norepeat	5	0x2	DEVELOPMENTONLY	1	0	static	A
cdndownloads_hostname	r5-build-cache.rspn.ad.ea.com	0x2	DEVELOPMENTONLY	0	0	static	A
challenges_on_demand_stats_update_frequency_seconds	15	0x2002	DEVELOPMENTONLY|REPLICATED	0	0	static	A
chasecam_distanceMax_override	0	0x2	DEVELOPMENTONLY	1	0	static	A
chat_rules_MuteIsMute	1	0x2	DEVELOPMENTONLY	1	0	static	A
chat_rules_log_details	0	0x2	DEVELOPMENTONLY	0	0	static	A
chatroom_debug	0	0x2	DEVELOPMENTONLY	0	0	static	A
chatroom_nameLength	-1	0x2	DEVELOPMENTONLY	1	0	static	A
chatroom_namePaddingX	12	0x2	DEVELOPMENTONLY	1	0	static	A
chatroom_nameWidth	-1	0x2	DEVELOPMENTONLY	1	0	static	A
chatroom_useSlopSpace	0	0x2	DEVELOPMENTONLY	1	0	static	A
cheap_captions_fadetime	0	0x2	DEVELOPMENTONLY	1	0	static	A
cheap_captions_test	0	0x2	DEVELOPMENTONLY	1	0	static	A
cheap_track_dev_telemetry_period_seconds	20	0x80000	ARCHIVE_XBOX	1	0	static	A
cheap_track_disabled	0	0x80000	ARCHIVE_XBOX	1	0	static	A
cheap_track_report_non_fatal_errors	1	0x80000	ARCHIVE_XBOX	1	0	static	A
cheaptrack_button_combo	0	0x40000000	NO_MIN_MAX_CHECK	1	0	static	A
checkBreaksCloakOnChargeBegin	1.0	0x2002	DEVELOPMENTONLY|REPLICATED	0	0	static	A
checkBreaksCloakOnWeaponToss	1.0	0x2002	DEVELOPMENTONLY|REPLICATED	0	0	static	A
chroma_enable	1	0x80	ARCHIVE	0	0	static	A
clPlayCustomActGesture	1	0x2002	DEVELOPMENTONLY|REPLICATED	1	0	static	A
cl_NotifyAllLevelAssetsLoaded_endframe	1	0x2	DEVELOPMENTONLY	1	0	static	A
cl_RunClientConnectScripts_Before_ProcessOnDataChangedEvents	1	0x2	DEVELOPMENTONLY	1	0	static	A
cl_SetupAllBones	0	0x2	DEVELOPMENTONLY	0	0	static	A
cl_ShowBoneSetupEnts	0	0x2	DEVELOPMENTONLY	0	0	static	A
cl_adjustTimeEntsPerJob	10	0x2	DEVELOPMENTONLY	1	0	static	A
cl_aggregate_particles	1	0x2	DEVELOPMENTONLY	1	0	static	A
cl_allowABSCalculationDuringSnapshotScriptCalls	1	0x2	DEVELOPMENTONLY	0	0	static	A
cl_allowABSDuringSnapshotScriptCalls	1	0x2	DEVELOPMENTONLY	0	0	static	A
cl_allowRemotePrintAsChat	1	0x2	DEVELOPMENTONLY	1	0	static	A
cl_allow_async_anim_particle_commands	1	0x2	DEVELOPMENTONLY	1	0	static	A
cl_allow_small_display_size_detection_windows	1	0x2	DEVELOPMENTONLY	1	0	static	A
cl_always_draw_3p_player	0	0x2	DEVELOPMENTONLY	1	0	static	A
cl_always_ragdoll_radius	500	0x2	DEVELOPMENTONLY	1	0	static	A
cl_anglespeedkey	0.67	0x2	DEVELOPMENTONLY	1	0	static	A
cl_anim_always_play_nonlobby_sfx	1	0x1000000	SCRIPTS_ONLY	1	0	static	A
cl_anim_attachment_sound_enabled	1	0x2	DEVELOPMENTONLY	1	0	static	A
cl_anim_blend_transition_dist	2500	0x2	DEVELOPMENTONLY	1	0	static	A
cl_anim_deferredstop_onbecomepredictable	1	0x2	DEVELOPMENTONLY	1	0	static	A
cl_anim_detail_dist	1500	0x2	DEVELOPMENTONLY	1	0	static	A
cl_anim_eventreset_mode	1	0x2	DEVELOPMENTONLY	1	0	static	A
cl_anim_face_dist	250	0x2	DEVELOPMENTONLY	1	0	static	A
cl_anim_layerfxcleanup	1	0x2	DEVELOPMENTONLY	1	0	static	A
cl_anim_newfxclear	1	0x2	DEVELOPMENTONLY	1	0	static	A
cl_anim_resetEvents_firstPredictionOnly	1	0x2	DEVELOPMENTONLY	1	0	static	A
cl_anim_resetevents_on_seq_change	1	0x2	DEVELOPMENTONLY	1	0	static	A
cl_anim_sequence_transition_full_weight_optimization	0	0x2	DEVELOPMENTONLY	1	0	static	A
cl_anim_sounds_seek	1	0xa	DEVELOPMENTONLY|CLIENTDLL	1	0	static	A
cl_approx_footstep_origin	1	0x2	DEVELOPMENTONLY	0	0	static	A
cl_approx_tracer_origin	1	0x2	DEVELOPMENTONLY	1	0	static	A
cl_async_bone_setup	1	0x2	DEVELOPMENTONLY	1	0	static	A
cl_base_entity_effect_lock	0	0x2	DEVELOPMENTONLY	1	0	static	A
cl_base_entity_link_with_locks	1	0x2	DEVELOPMENTONLY	1	0	static	A
cl_bones_incremental_transform	1	0x2	DEVELOPMENTONLY	1	0	static	A
cl_bones_oldhack	0	0x2	DEVELOPMENTONLY	1	0	static	A
cl_bounds_show_errors	0	0x2	DEVELOPMENTONLY	1	0	static	A
cl_burninggibs	0	0x2	DEVELOPMENTONLY	0	0	static	A
cl_checkForFrametimeHitch	1	0x2	DEVELOPMENTONLY	1	0	static	A
cl_checkForFrametimeHitch_thresh	3	0x2	DEVELOPMENTONLY	1	0	static	A
cl_clock_correction_ahead_correct_interval	20	0x4000	CHEAT	1	1	static	A
cl_clock_correction_behind_correct_interval	200	0x4000	CHEAT	1	1	static	A
cl_cmdFrametimes_print	0	0x2	DEVELOPMENTONLY	0	0	static	A
cl_cmdbackup	2	0x2	DEVELOPMENTONLY	1	0	static	A
cl_comms_filter	-1	0x1000000	SCRIPTS_ONLY	1	0	static	A
cl_cull_weapon_fx	1	0x2	DEVELOPMENTONLY	1	0	static	A
cl_deathhints_enabled	1	0x1000000	SCRIPTS_ONLY	1	0	static	A
cl_debugClientEntities	0	0x2	DEVELOPMENTONLY	0	0	static	A
cl_debug_deferred_trace	0	0x2	DEVELOPMENTONLY	0	0	static	A
cl_debug_deferred_trace_overlay	0	0x2	DEVELOPMENTONLY	0	0	static	A
cl_debug_model_fx_sounds	0	0x2	DEVELOPMENTONLY	0	0	static	A
cl_decal_alwayswhite	1	0x2	DEVELOPMENTONLY	1	0	static	A
cl_decal_backoff	4	0x2	DEVELOPMENTONLY	1	0	static	A
cl_deferred_effects	1	0x2	DEVELOPMENTONLY	1	0	static	A
cl_deferred_trace_normal_priority	1	0x2	DEVELOPMENTONLY	1	0	static	A
cl_deferredstop_customactchange	1	0x2	DEVELOPMENTONLY	1	0	static	A
cl_deferredstop_fromsv_whenpredicted	0	0x2	DEVELOPMENTONLY	1	0	static	A
cl_demoviewoverride	0	0x2	DEVELOPMENTONLY	1	0	static	A
cl_disableTagForPrivateMatch	1	0x2	DEVELOPMENTONLY	0	0	static	A
cl_disable_ragdolls	0	0x4000	CHEAT	1	1	static	A
cl_disconnectOnTooManySnapshotFrames	0	0x2	DEVELOPMENTONLY	1	0	static	A
cl_doNetworkAsserts	0	0x2	DEVELOPMENTONLY	1	0	static	A
cl_doRecreateEnts	1	0x2	DEVELOPMENTONLY	1	0	static	A
cl_draw_player_model	1	0x2	DEVELOPMENTONLY	1	0	static	A
cl_drawhud	1	0x40004000	CHEAT|NO_MIN_MAX_CHECK	1	1	static	A
cl_drawmonitors	1	0x2	DEVELOPMENTONLY	1	0	static	A
cl_enable_remote_splitscreen	0	0x2	DEVELOPMENTONLY	1	0	static	A
cl_entCreateDeleteDebug	0	0x2	DEVELOPMENTONLY	0	0	static	A
cl_events_ignore_invalidate	1	0x2	DEVELOPMENTONLY	1	0	static	A
cl_ezlaunch_button	0	0x80010	HIDDEN|ARCHIVE_XBOX	0	0	static	A
cl_failremoteconnections	0	0x2	DEVELOPMENTONLY	1	0	static	A
cl_fasttempentcollision	5	0x2	DEVELOPMENTONLY	1	0	static	A
cl_flip_vis_bits	0	0x2	DEVELOPMENTONLY	1	0	static	A
cl_flushentitypacket	0	0x4000	CHEAT	1	1	static	A
cl_footstep_event_max_dist	4000	0x2	DEVELOPMENTONLY	1	0	static	A
cl_footstep_event_max_dist_titan	4000	0x2	DEVELOPMENTONLY	1	0	static	A
cl_forceAdjustTime	0	0x2	DEVELOPMENTONLY	1	0	static	A
cl_fovScale	1.27216005	0x41000200	USERINFO|SCRIPTS_ONLY|NO_MIN_MAX_CHECK	1	0	static	A
cl_gib_allow	1	0x40000000	NO_MIN_MAX_CHECK	1	0	static	A
cl_gib_attack_dir_scale	1.0	0x2	DEVELOPMENTONLY	1	0	static	A
cl_gib_lifetime	3	0x4000	CHEAT	1	1	static	A
cl_hud_minmode			(動的登録: 既定値は静的取得不可)	1	0	dynamic	C
cl_idealpitchscale	0	0x2	DEVELOPMENTONLY	1	0	static	A
cl_ignorepackets	0	0x4000	CHEAT	1	1	static	A
cl_interp_all	0	0x2	DEVELOPMENTONLY	0	0	static	A
cl_interpolate	1.0	0x2	DEVELOPMENTONLY	0	0	static	A
cl_interpolation_before_prediction	1	0x2	DEVELOPMENTONLY	1	0	static	A
cl_ipgeo_country		0x200	USERINFO	1	0	static	A
cl_isUnderAge	0	0x80000200	USERINFO	1	0	static	A
cl_is_softened_locale	0	0x80000	ARCHIVE_XBOX	1	0	static	A
cl_jiggle_bone_debug	0	0x4000	CHEAT	1	1	static	A
cl_jiggle_bone_debug_pitch_constraints	0	0x4000	CHEAT	1	1	static	A
cl_jiggle_bone_debug_yaw_constraints	0	0x4000	CHEAT	1	1	static	A
cl_jiggle_bone_invert	0	0x4000	CHEAT	1	1	static	A
cl_jiggle_bone_sanity	0	0x2	DEVELOPMENTONLY	1	0	static	A
cl_jip_timeout	10	0x2012	DEVELOPMENTONLY|HIDDEN|REPLICATED	1	0	static	A
cl_keepPersistentDataOnDisconnect	0	0x2	DEVELOPMENTONLY	1	0	static	A
cl_lagcompensation	1	0x200	USERINFO	0	0	static	A
cl_language	english	0x2	DEVELOPMENTONLY	1	0	static	A
cl_leafsystemvis	0	0x4000	CHEAT	0	1	static	A
cl_lerpIfChildrenLerp	1	0x2	DEVELOPMENTONLY	1	0	static	A
cl_liveapi_allow_requests	1	0x80000	ARCHIVE_XBOX	1	0	static	A
cl_liveapi_allow_stdout	0	0x80000	ARCHIVE_XBOX	0	0	static	A
cl_liveapi_config_file	config.json	0x2	DEVELOPMENTONLY	1	0	static	A
cl_liveapi_dir	live_api	0x2	DEVELOPMENTONLY	1	0	static	A
cl_liveapi_enabled	0	0x80000	ARCHIVE_XBOX	1	0	static	A
cl_liveapi_pretty_print_log	0	0x80000	ARCHIVE_XBOX	1	0	static	A
cl_liveapi_requests_psk		0x80000	ARCHIVE_XBOX	1	0	static	A
cl_liveapi_requests_psk_tries	10	0x80000	ARCHIVE_XBOX	1	0	static	A
cl_liveapi_session_name		0x80000	ARCHIVE_XBOX	1	0	static	A
cl_liveapi_skipservermessage	1	0x2	DEVELOPMENTONLY	1	0	static	A
cl_liveapi_spectator_only	1	0x2	DEVELOPMENTONLY	0	0	static	A
cl_liveapi_stdout_prefix_filter		0x80000	ARCHIVE_XBOX	0	0	static	A
cl_liveapi_use_protobuf	1	0x80000	ARCHIVE_XBOX	1	0	static	A
cl_liveapi_use_websocket	1	0x80000	ARCHIVE_XBOX	1	0	static	A
cl_liveapi_write_event_file	0	0x80000	ARCHIVE_XBOX	1	0	static	A
cl_liveapi_ws_event_delay		0x80000	ARCHIVE_XBOX	1	0	static	A
cl_liveapi_ws_keepalive	30	0x80000	ARCHIVE_XBOX	1	0	static	A
cl_liveapi_ws_lax_ssl	1	0x80000	ARCHIVE_XBOX	1	0	static	A
cl_liveapi_ws_retry_count	5	0x80000	ARCHIVE_XBOX	1	0	static	A
cl_liveapi_ws_retry_time	30	0x80000	ARCHIVE_XBOX	1	0	static	A
cl_liveapi_ws_servers		0x80000	ARCHIVE_XBOX	1	0	static	A
cl_liveapi_ws_timeout	300	0x80000	ARCHIVE_XBOX	1	0	static	A
cl_loadBspFromServerInfo	0	0x2	DEVELOPMENTONLY	1	0	static	A
cl_loadStaticPropsInJob	0	0x2	DEVELOPMENTONLY	1	0	static	A
cl_matchmaking_timeout	1	0x80000	ARCHIVE_XBOX	1	0	static	A
cl_model_fx_gib_cull_front_dist	3000	0x2	DEVELOPMENTONLY	1	0	static	A
cl_model_fx_gib_cull_radius	1000	0x2	DEVELOPMENTONLY	1	0	static	A
cl_mouseenable	1	0x2	DEVELOPMENTONLY	0	0	static	A
cl_mute_override_default	1	0x2	DEVELOPMENTONLY	1	0	static	A
cl_mute_toggle_to_default	1	0x2	DEVELOPMENTONLY	1	0	static	A
cl_nameObserverOverride	0	0x80000	ARCHIVE_XBOX	1	0	static	A
cl_noTimeoutLocalHost	1	0x2	DEVELOPMENTONLY	1	0	static	A
cl_observerVFXOverrides_enabled	1	0x2	DEVELOPMENTONLY	1	0	static	A
cl_observer_preset_playerHash		0x40000008	CLIENTDLL|NO_MIN_MAX_CHECK	0	0	static	A
cl_observer_preset_playerSlot	0	0x40000008	CLIENTDLL|NO_MIN_MAX_CHECK	0	0	static	A
cl_observer_preset_team	-1	0x40000008	CLIENTDLL|NO_MIN_MAX_CHECK	0	0	static	A
cl_odsl_enabled	1	0x80000	ARCHIVE_XBOX	1	0	static	A
cl_overrideEventTimes	0	0x2	DEVELOPMENTONLY	1	0	static	A
cl_parallelParticlePreDrawWork	1	0x2	DEVELOPMENTONLY	1	0	static	A
cl_parallel_clientside_animations	1	0x2	DEVELOPMENTONLY	1	0	static	A
cl_particle_batch_mode	1	0x2	DEVELOPMENTONLY	1	0	static	A
cl_particle_control_snap_dist	2000.0	0x4000	CHEAT	1	1	static	A
cl_particle_control_snap_mode	0	0x4000	CHEAT	1	1	static	A
cl_particle_fallback_base	0	0x40000000	NO_MIN_MAX_CHECK	0	0	static	A
cl_particle_fallback_multiplier	1	0x40000000	NO_MIN_MAX_CHECK	0	0	static	A
cl_particle_limiter_display_killed	0	0x4000	CHEAT	1	1	static	A
cl_particle_limiter_hide_killable	0	0x2002	DEVELOPMENTONLY|REPLICATED	1	0	static	A
cl_particle_limiter_max_particle_count	10000	0x4000	CHEAT	1	1	static	A
cl_particle_limiter_max_system_count	0	0x4000	CHEAT	1	1	static	A
cl_particle_limiter_min_kill_distance	4000	0x4000	CHEAT	1	1	static	A
cl_particle_limiter_overlay	0	0x4000	CHEAT	1	1	static	A
cl_particle_max_count	0	0x2	DEVELOPMENTONLY	1	0	static	A
cl_particle_render_fallback_threshold_ms	2.0	0x2	DEVELOPMENTONLY	0	0	static	A
cl_particle_sim_fallback_base_multiplier	5	0x2	DEVELOPMENTONLY	0	0	static	A
cl_particle_sim_fallback_threshold_ms	6.0	0x2	DEVELOPMENTONLY	0	0	static	A
cl_particle_snoozetime	0.166667	0x4000	CHEAT	1	1	static	A
cl_particles_show_bbox	0	0x4000	CHEAT	1	1	static	A
cl_particles_show_bbox_name		0x2	DEVELOPMENTONLY	1	0	static	A
cl_particles_show_controlpoints	0	0x4000	CHEAT	1	1	static	A
cl_pclass		0x4000	CHEAT	0	1	static	A
cl_pdump	-1	0x4000	CHEAT	0	1	static	A
cl_phys_maxticks	3	0x2	DEVELOPMENTONLY	1	0	static	A
cl_phys_show_active	0	0x4000	CHEAT	1	1	static	A
cl_phys_timescale	1.0	0x4000	CHEAT	1	1	static	A
cl_physics_invalidate_ents	0	0x2	DEVELOPMENTONLY	1	0	static	A
cl_physicsshadowupdate_render	0	0x2	DEVELOPMENTONLY	0	0	static	A
cl_pitchspeed	225	0x2	DEVELOPMENTONLY	0	0	static	A
cl_playback_screenshots	0	0x2	DEVELOPMENTONLY	0	0	static	A
cl_postSnapshotTransitionBlockCount	20	0x2	DEVELOPMENTONLY	0	0	static	A
cl_preSnapshotTransitionBlockCount	10	0x2	DEVELOPMENTONLY	1	0	static	A
cl_precache_player_models	1	0x2	DEVELOPMENTONLY	1	0	static	A
cl_precache_root_lgnd_skins	1	0x12	DEVELOPMENTONLY|HIDDEN	1	0	static	A
cl_precache_use_pso_threads	1	0x40000000	NO_MIN_MAX_CHECK	1	0	static	A
cl_pred_error_verbose	0	0x2	DEVELOPMENTONLY	0	0	static	A
cl_pred_optimize	1	0x2	DEVELOPMENTONLY	1	0	static	A
cl_predict	1	0x200	USERINFO	1	0	static	A
cl_predict_basetoggles	1	0x2	DEVELOPMENTONLY	1	0	static	A
cl_predict_cmdlimit	750	0x4000	CHEAT	1	1	static	A
cl_predict_cmdlimit_fullsnap	3000	0x2	DEVELOPMENTONLY	1	0	static	A
cl_predict_error_icon_duration	0.5	0x4000	CHEAT	1	1	static	A
cl_predict_error_icon_show	1	0x4000	CHEAT	1	1	static	A
cl_predict_error_icon_threshold_angle	0.01	0x4000	CHEAT	1	1	static	A
cl_predict_error_icon_threshold_dist	1.0	0x4000	CHEAT	1	1	static	A
cl_predict_viewangles	1	0x2	DEVELOPMENTONLY	1	0	static	A
cl_prediction_error_timestamps	0	0x2	DEVELOPMENTONLY	0	0	static	A
cl_predictionlist	0	0x4000	CHEAT	1	1	static	A
cl_predictweapons	1	0x200	USERINFO	0	0	static	A
cl_prevent_weapon_text_hints	1	0x2	DEVELOPMENTONLY	1	0	static	A
cl_ragdoll_force_fade_time	5	0x2	DEVELOPMENTONLY	1	0	static	A
cl_ragdoll_force_fade_time_local_view_player	20	0x2	DEVELOPMENTONLY	1	0	static	A
cl_ragdoll_force_fade_time_on_moving_geo	5	0x2	DEVELOPMENTONLY	1	0	static	A
cl_ragdoll_force_fade_time_titan	5	0x2	DEVELOPMENTONLY	1	0	static	A
cl_ragdoll_maxcount	8	0x40000000	NO_MIN_MAX_CHECK	1	0	static	A
cl_ragdoll_self_collision	1	0x40000002	DEVELOPMENTONLY|NO_MIN_MAX_CHECK	1	0	static	A
cl_ranked_reconnect_timeout	15	0x80000	ARCHIVE_XBOX	1	0	static	A
cl_release_children_on_release	1	0x2	DEVELOPMENTONLY	1	0	static	A
cl_replayDelayTolerance	4	0x2	DEVELOPMENTONLY	1	0	static	A
cl_requireAnimForAnimEventsHdr	1	0x2	DEVELOPMENTONLY	1	0	static	A
cl_resend	0.5	0x80000	ARCHIVE_XBOX	1	0	static	A
cl_resend_timeout	10	0x80000	ARCHIVE_XBOX	1	0	static	A
cl_restoreSimulationTimeBase	1	0x2	DEVELOPMENTONLY	1	0	static	A
cl_retire_low_priority_lights	0	0x2	DEVELOPMENTONLY	1	0	static	A
cl_runWeaponCloneThinkWhenHidden	1	0x2	DEVELOPMENTONLY	1	0	static	A
cl_safearea	0	0x1000000	SCRIPTS_ONLY	1	0	static	A
cl_screenshotname		0x2	DEVELOPMENTONLY	1	0	static	A
cl_scriptCompileAsync	1	0x2	DEVELOPMENTONLY	1	0	static	A
cl_script_perf_dump_on_shutdown	0	0x2	DEVELOPMENTONLY	0	0	static	A
cl_showClanTags	1	0x2	DEVELOPMENTONLY	1	0	static	A
cl_show_splashes	1	0x2	DEVELOPMENTONLY	1	0	static	A
cl_showfiredbullets	0	0x2	DEVELOPMENTONLY	0	0	static	A
cl_showfps	0	0x2	DEVELOPMENTONLY	1	0	static	A
cl_showfps_altframetime	1	0x2	DEVELOPMENTONLY	1	0	static	A
cl_showpausedimage	1	0x2	DEVELOPMENTONLY	0	0	static	A
cl_showpos	0	0x80000	ARCHIVE_XBOX	1	0	static	A
cl_showtime	0	0x80000	ARCHIVE_XBOX	0	0	static	A
cl_simulateAllModelsRegardless	0	0x2	DEVELOPMENTONLY	1	0	static	A
cl_skipAnimEventsOnProps	1	0x2	DEVELOPMENTONLY	1	0	static	A
cl_skipfastpath	0	0x4000	CHEAT	1	1	static	A
cl_small_display_detection_size	241	0x2	DEVELOPMENTONLY	1	0	static	A
cl_smooth	1	0x2	DEVELOPMENTONLY	1	0	static	A
cl_smooth_debug	0	0x2	DEVELOPMENTONLY	1	0	static	A
cl_smoothtime	0.25	0x2	DEVELOPMENTONLY	1	0	static	A
cl_snapshot_draw	0	0x80000	ARCHIVE_XBOX	1	0	static	A
cl_strict_transport_checks	1	0x2	DEVELOPMENTONLY	1	0	static	A
cl_threaded_bone_setup	1	0x2	DEVELOPMENTONLY	1	0	static	A
cl_update_visibility_for_non_predicted_local_player_always	1	0x2	DEVELOPMENTONLY	1	0	static	A
cl_updatedirty_async	0	0x2	DEVELOPMENTONLY	1	0	static	A
cl_updatedirty_early	0	0x2	DEVELOPMENTONLY	1	0	static	A
cl_updaterate_mp	20	0x10202	DEVELOPMENTONLY|USERINFO|DEMO	1	0	static	A
cl_updaterate_mp_override	0	0x2012	DEVELOPMENTONLY|HIDDEN|REPLICATED	0	0	static	A
cl_upspeed	320	0x4000	CHEAT	1	1	static	A
cl_useFutureSnapForEvents	0	0x2	DEVELOPMENTONLY	1	0	static	A
cl_use_raw_input_buffer	1	0x2	DEVELOPMENTONLY	1	0	static	A
cl_use_target_visibility_collision_group	1	0x2	DEVELOPMENTONLY	1	0	static	A
cl_use_virtual_keyboard_on_desktop_when_controller	1	0x2	DEVELOPMENTONLY	1	0	static	A
cl_view_cone	1	0x4000	CHEAT	1	1	static	A2
cl_view_cone_debug	0	0x4000	CHEAT	0	1	static	A2
cl_viewmodel_audio_seek_correction	1	0x2	DEVELOPMENTONLY	1	0	static	A
cl_viewmodel_pre_animate	0	0x2	DEVELOPMENTONLY	1	0	static	A
cl_viewmodel_simulate_invisible	0	0x2	DEVELOPMENTONLY	1	0	static	A
cl_viewmodel_simulate_on_weapon_think	1	0x2	DEVELOPMENTONLY	1	0	static	A
cl_voice_lvl_blocks	30	0x2	DEVELOPMENTONLY	1	0	static	A
cl_voice_lvl_samples_per_block	500	0x2	DEVELOPMENTONLY	1	0	static	A
cl_voicein_normalize	0	0x2	DEVELOPMENTONLY	0	0	static	A2
cl_voicein_normalize_attack	900	0x2	DEVELOPMENTONLY	0	0	static	A
cl_voicein_normalize_attenuate_on_clip	6	0x2	DEVELOPMENTONLY	0	0	static	A
cl_voicein_normalize_db_decrease_per_sec	240	0x2	DEVELOPMENTONLY	0	0	static	A
cl_voicein_normalize_db_increase_per_sec	18	0x2	DEVELOPMENTONLY	0	0	static	A
cl_voicein_normalize_max_boost	24	0x2	DEVELOPMENTONLY	0	0	static	A
cl_voicein_normalize_min_boost	0	0x2	DEVELOPMENTONLY	0	0	static	A
cl_voicein_normalize_min_gain	-28	0x2	DEVELOPMENTONLY	0	0	static	A
cl_voicein_normalize_release	6	0x2	DEVELOPMENTONLY	0	0	static	A
cl_voicein_normalize_rms_tweak	0.2	0x2	DEVELOPMENTONLY	1	0	static	A
cl_voicein_normalize_target	-3	0x2	DEVELOPMENTONLY	0	0	static	A
cl_voiceout_normalize	1	0x2	DEVELOPMENTONLY	0	0	static	A2
cl_voiceout_normalize_attack	900	0x2	DEVELOPMENTONLY	0	0	static	A
cl_voiceout_normalize_attenuate_on_clip	0	0x2	DEVELOPMENTONLY	0	0	static	A
cl_voiceout_normalize_db_decrease_per_sec	240	0x2	DEVELOPMENTONLY	0	0	static	A
cl_voiceout_normalize_db_increase_per_sec	18	0x2	DEVELOPMENTONLY	0	0	static	A
cl_voiceout_normalize_max_boost	24	0x2	DEVELOPMENTONLY	0	0	static	A
cl_voiceout_normalize_min_boost	0	0x2	DEVELOPMENTONLY	0	0	static	A
cl_voiceout_normalize_min_gain	-28	0x2	DEVELOPMENTONLY	0	0	static	A
cl_voiceout_normalize_release	6	0x2	DEVELOPMENTONLY	0	0	static	A
cl_voiceout_normalize_rms_tweak	0.2	0x2	DEVELOPMENTONLY	0	0	static	A
cl_voiceout_normalize_target	-3	0x2	DEVELOPMENTONLY	0	0	static	A
cl_warnAboutSoundsOnInvalidEntities	1	0x2	DEVELOPMENTONLY	0	0	static	A
cl_windows_virtual_keyboard_closedelay	0.2	0x2	DEVELOPMENTONLY	1	0	static	A
cl_windows_virtual_keyboard_dualshock	0	0x2	DEVELOPMENTONLY	1	0	static	A
cl_windows_virtual_keyboard_enabled	1	0x2	DEVELOPMENTONLY	1	0	static	A
cl_windows_virtual_keyboard_kind	7	0x2	DEVELOPMENTONLY	1	0	static	A
cl_yawspeed	210	0x2	DEVELOPMENTONLY	1	0	static	A
clearEffectsOnAnimChange	1	0x2	DEVELOPMENTONLY	1	0	static	A
clear_scriptname_on_remove	1	0x2002	DEVELOPMENTONLY|REPLICATED	0	0	static	A
clientQoSport	-1	0x80000	ARCHIVE_XBOX	1	0	static	A
client_boostCount	0	0x2	DEVELOPMENTONLY	1	0	static	A
client_deferredSnapshotScriptCalls	1	0x2	DEVELOPMENTONLY	1	0	static	A
client_script_compile_debug_dump_rprof	0	0x2	DEVELOPMENTONLY	0	0	static	A
client_side_mimic_debug	0	0x2	DEVELOPMENTONLY	0	0	static	A
clientport	0	0x80000	ARCHIVE_XBOX	1	0	static	A
clip_mouse_to_letterbox	1	0x40000000	NO_MIN_MAX_CHECK	1	0	static	A
cloak_enabled	1	0x4000	CHEAT	1	1	static	A
cloak_pilotAberrationScale	3.0	0x2002	DEVELOPMENTONLY|REPLICATED	1	0	static	A
cloak_pilotBrightenAdd	0.0	0x2002	DEVELOPMENTONLY|REPLICATED	1	0	static	A
cloak_pilotNoiseFactor	0.25	0x2002	DEVELOPMENTONLY|REPLICATED	1	0	static	A
cloak_pilotTint1	0.35	0x2002	DEVELOPMENTONLY|REPLICATED	1	0	static	A
cloak_pilotTint2	0.5	0x2002	DEVELOPMENTONLY|REPLICATED	1	0	static	A
cloak_pilotTint3	0.65	0x2002	DEVELOPMENTONLY|REPLICATED	1	0	static	A
clock_bias_mp	-18.0	0x2	DEVELOPMENTONLY	1	0	static	A
clock_bias_sp	-2.0	0x2	DEVELOPMENTONLY	1	0	static	A
clock_showcorrections	0	0x2	DEVELOPMENTONLY	0	0	static	A
clock_showdebuginfo	0	0x2	DEVELOPMENTONLY	0	0	static	A
closecaption	-1	0x1000000	SCRIPTS_ONLY	1	0	static	A
clusteredlighting_2dbounds	3	0x4000	CHEAT	1	1	static	A
clusteredlighting_cluster_depth	16	0x4000	CHEAT	1	1	static	A
clusteredlighting_cluster_depth_lobby	12	0x4000	CHEAT	1	1	static	A
clusteredlighting_enable_fulllights	1	0x4000	CHEAT	1	1	static	A
clusteredlighting_enable_quad_dist	-1	0x2	DEVELOPMENTONLY	1	0	static	A
clusteredlighting_enable_shlights	0	0x4000	CHEAT	1	1	static	A
clusteredlighting_light_importance_threshold	0	0x2	DEVELOPMENTONLY	1	0	static	A
clusteredlighting_no_realtime_check	0	0x4000	CHEAT	1	1	static	A
clusteredlighting_pixels_per_cluster	32	0x4000	CHEAT	1	1	static	A
clusteredlighting_rasterize	2	0x4000	CHEAT	1	1	static	A
clusteredlighting_skip_behind_depth	2	0x4000	CHEAT	1	1	static	A
clusteredlighting_veryfar_enabled	1	0x4000	CHEAT	1	1	static	A
clusteredlighting_veryfar_minsize	3000	0x4000	CHEAT	1	1	static	A
clusteredlighting_z_first_far	200	0x4000	CHEAT	1	1	static	A
clusteredlighting_z_first_far_lobby	200	0x4000	CHEAT	1	1	static	A
clusteredlighting_z_last	20000	0x4000	CHEAT	1	1	static	A
clusteredlighting_z_last_lobby	1400	0x4000	CHEAT	1	1	static	A
cockpitDrift_scalePitch	0.0	0x2	DEVELOPMENTONLY	1	0	static	A
cockpitDrift_scaleYaw	0.0	0x2	DEVELOPMENTONLY	1	0	static	A
cockpitDrift_speedPitch	0.0	0x2	DEVELOPMENTONLY	1	0	static	A
cockpitDrift_speedYaw	0.0	0x2	DEVELOPMENTONLY	1	0	static	A
cockpitJolt_angleOffset_Max	45.0, 80.0, 20.0	0x2	DEVELOPMENTONLY	0	0	static	A
cockpitJolt_posOffset_Max	10.0, 20.0, 5.0	0x2	DEVELOPMENTONLY	0	0	static	A
cockpitShake_sourceRollRange	3	0x2	DEVELOPMENTONLY	1	0	static	A
cockpitShake_translateRange	0.6	0x2	DEVELOPMENTONLY	1	0	static	A
cockpit_damage_chroma_scale	0.4	0x2	DEVELOPMENTONLY	0	0	static	A
cockpit_hit_chroma_max_time	0.6	0x2	DEVELOPMENTONLY	0	0	static	A
cockpit_hit_chroma_scale	0.2	0x2	DEVELOPMENTONLY	0	0	static	A
cockpit_pitch_down_frac	1.0	0x2	DEVELOPMENTONLY	1	0	static	A
cockpit_pitch_up_frac	1.0	0x2	DEVELOPMENTONLY	1	0	static	A
cockpit_screen_boot_chroma_scale	0.0	0x2	DEVELOPMENTONLY	0	0	static	A
cockpit_screen_boot_delay_bottom	1.25	0x2	DEVELOPMENTONLY	0	0	static	A
cockpit_screen_boot_delay_left	0.25	0x2	DEVELOPMENTONLY	0	0	static	A
cockpit_screen_boot_delay_mid	0.5	0x2	DEVELOPMENTONLY	0	0	static	A
cockpit_screen_boot_delay_right	0.75	0x2	DEVELOPMENTONLY	0	0	static	A
cockpit_screen_boot_delay_top	1.0	0x2	DEVELOPMENTONLY	0	0	static	A
coll_spatial_entry_limit_client	140	0x2	DEVELOPMENTONLY	1	0	static	A
coll_spatial_optimize_prefetch	1	0x2	DEVELOPMENTONLY	1	0	static	A
coll_use_bolt_size	1	0x2002	DEVELOPMENTONLY|REPLICATED	1	0	static	A
colorblind_mode	0	0x41000000	SCRIPTS_ONLY|NO_MIN_MAX_CHECK	0	0	static	A
comms_connect_delay	1.0	0x2	DEVELOPMENTONLY	1	0	static	A
comms_deditext	0	0x2	DEVELOPMENTONLY	1	0	static	A
comms_dedivoice	0	0x2	DEVELOPMENTONLY	1	0	static	A
comms_keepalive	60.0	0x2	DEVELOPMENTONLY	1	0	static	A
comms_lobbytext	1	0x2	DEVELOPMENTONLY	1	0	static	A
comms_reconnect	10.0	0x2	DEVELOPMENTONLY	1	0	static	A
comms_restrict_forcevalue	-1	0x2	DEVELOPMENTONLY	1	0	static	A
comms_restrict_usenucloc	0	0x2	DEVELOPMENTONLY	1	0	static	A
comms_udp_keepalive	10.0	0x2	DEVELOPMENTONLY	1	0	static	A
comms_udp_minactivity	10.0	0x2	DEVELOPMENTONLY	1	0	static	A
comms_udpestablish	1.0	0x2	DEVELOPMENTONLY	1	0	static	A
comms_udpestablish_early	0.0	0x2	DEVELOPMENTONLY	1	0	static	A
comms_use_cl_name	1	0x2	DEVELOPMENTONLY	1	0	static	A
communicationBlock_block_num	0	0x12	DEVELOPMENTONLY|HIDDEN	1	0	static	A
communicationBlock_block_threshold	3	0x2	DEVELOPMENTONLY	1	0	static	A
communicationBlock_enabled	1	0x2	DEVELOPMENTONLY	1	0	static	A
communicationBlock_report_self	1	0x2	DEVELOPMENTONLY	1	0	static	A
communicationBlock_report_threshold	2	0x2	DEVELOPMENTONLY	1	0	static	A
communicationBlock_server_authoritative	1	0x2	DEVELOPMENTONLY	1	0	static	A
communicationBlock_time_to_unblock	0	0x1000200	USERINFO|SCRIPTS_ONLY	1	0	static	A
communicationBlock_warning_fade	1	0x2	DEVELOPMENTONLY	1	0	static	A
communicationBlock_warning_num	0	0x12	DEVELOPMENTONLY|HIDDEN	1	0	static	A
communicationBlock_warning_sustain	120	0x2	DEVELOPMENTONLY	1	0	static	A
communicationBlock_warning_threshold	0	0x2	DEVELOPMENTONLY	1	0	static	A
communities_hostname		0x80020	PROTECTED|ARCHIVE_XBOX	1	0	static	A
community		0x200	USERINFO	0	0	static	A
community_frame_run	1	0x2	DEVELOPMENTONLY	1	0	static	A
community_spam	0	0x2	DEVELOPMENTONLY	0	0	static	A
community_staleUserInfoTime	120	0x2	DEVELOPMENTONLY	1	0	static	A
con_logfile		0x2	DEVELOPMENTONLY	1	0	static	A
con_timestamp	0	0x2	DEVELOPMENTONLY	1	0	static	A
concommands_exec_sanitize	0	0x2	DEVELOPMENTONLY	1	0	static	A
controller_constant_aim_sense_debounce	-1.0	0x6000	REPLICATED|CHEAT	1	1	static	A
controller_debug_show_detection	0	0x2	DEVELOPMENTONLY	0	0	static	A
controller_fast_duration_time_generic	4	0x2	DEVELOPMENTONLY	1	0	static	A
controller_fast_press_time_generic	100	0x2	DEVELOPMENTONLY	1	0	static	A
controller_max_fast_presses_generic	10	0x2	DEVELOPMENTONLY	1	0	static	A
controller_out_of_bounds_threshold_generic	40960	0x2	DEVELOPMENTONLY	1	0	static	A
controller_pattern_rec_error_generic	1024	0x2	DEVELOPMENTONLY	1	0	static	A
controller_report_freq_generic	300	0x2	DEVELOPMENTONLY	1	0	static	A
controller_trigger_max_velocity_generic	150	0x2	DEVELOPMENTONLY	1	0	static	A
controller_use_cheat_detection_generic	1	0x2	DEVELOPMENTONLY	1	0	static	A
cpu_level	2	0x2	DEVELOPMENTONLY	0	0	static	A
createentitydecals	1	0x4000	CHEAT	1	1	static	A
crossPlay_Enabled	1	0x2	DEVELOPMENTONLY	1	0	static	A
csm0_on_worker	0	0x2	DEVELOPMENTONLY	1	0	static	A
csm_cascade_res	1024	0x2	DEVELOPMENTONLY	1	0	static	A
csm_coverage	2	0x2	DEVELOPMENTONLY	1	0	static	A
csm_culling_use_base_planes	1	0x2	DEVELOPMENTONLY	1	0	static	A
csm_culling_use_exclusion_planes	1	0x2	DEVELOPMENTONLY	1	0	static	A
csm_culling_use_inclusion_planes	1	0x2	DEVELOPMENTONLY	1	0	static	A
csm_culling_use_planes	1	0x2	DEVELOPMENTONLY	1	0	static	A
csm_debug_2d	0	0x2	DEVELOPMENTONLY	1	0	static	A
csm_debug_culling	0	0x2	DEVELOPMENTONLY	0	0	static	A
csm_debug_vis_hi_range	1.0	0x2	DEVELOPMENTONLY	1	0	static	A
csm_debug_vis_lo_range	.35	0x2	DEVELOPMENTONLY	0	0	static	A
csm_depth_bias	-0.000005f	0x2	DEVELOPMENTONLY	1	0	static	A
csm_dropsequence_adjusted_coverage	6400	0x2	DEVELOPMENTONLY	1	0	static	A
csm_dropsequence_adjustment	1	0x2	DEVELOPMENTONLY	1	0	static	A
csm_enabled	1	0x2	DEVELOPMENTONLY	1	0	static	A
csm_fadeModels	1	0x2	DEVELOPMENTONLY	1	0	static	A
csm_force_no_csm_in_reflections	0	0x2	DEVELOPMENTONLY	0	0	static	A
csm_frustum_draw	0	0x2	DEVELOPMENTONLY	0	0	static	A
csm_frustum_draw_lock	0	0x2	DEVELOPMENTONLY	0	0	static	A
csm_heightmap_shadows	1	0x2	DEVELOPMENTONLY	1	0	static	A
csm_ignore_cascade12	0	0x2	DEVELOPMENTONLY	1	0	static	A
csm_ignore_edge_planes	0	0x2	DEVELOPMENTONLY	1	0	static	A
csm_ignore_face_planes	0	0x2	DEVELOPMENTONLY	1	0	static	A
csm_max_z_offset	1000	0x2	DEVELOPMENTONLY	1	0	static	A
csm_min_z_offset	-1000	0x2	DEVELOPMENTONLY	1	0	static	A
csm_renderable_shadows	1	0x2	DEVELOPMENTONLY	1	0	static	A
csm_rope_shadows	1	0x2	DEVELOPMENTONLY	1	0	static	A
csm_shadow_split_lerp_factor_range	.1	0x2	DEVELOPMENTONLY	1	0	static	A
csm_texel_size_cascade_0	0.25	0x2	DEVELOPMENTONLY	1	0	static	A
csm_texel_size_cascade_1	1.0	0x2	DEVELOPMENTONLY	1	0	static	A
csm_texel_size_cascade_2	4.0	0x2	DEVELOPMENTONLY	1	0	static	A
csm_texel_size_cascade_onecascade	2.0	0x2	DEVELOPMENTONLY	1	0	static	A
csm_use_env_light_direction	1	0x2	DEVELOPMENTONLY	0	0	static	A
csm_world_shadow_meshes	1	0x2	DEVELOPMENTONLY	0	0	static	A
csm_world_shadows	1	0x2	DEVELOPMENTONLY	1	0	static	A
csm_z_cover_world	2	0x2	DEVELOPMENTONLY	1	0	static	A
cull_entity_circle_replicated	0	0x2002	DEVELOPMENTONLY|REPLICATED	1	0	static	A
cull_target_info_offscreen_for_players	0	0x2	DEVELOPMENTONLY	1	0	static	A
cull_target_info_offscreen_for_spectators	1	0x2	DEVELOPMENTONLY	1	0	static	A
cupsPub_hostname		0x80020	PROTECTED|ARCHIVE_XBOX	1	0	static	A
cups_check_activation_from_reveal	1	0x2002	DEVELOPMENTONLY|REPLICATED	0	0	static	A
cups_debug	0	0x2	DEVELOPMENTONLY	0	0	static	A
cups_enabled	1	0x2002	DEVELOPMENTONLY|REPLICATED	1	0	static	A
cups_has_match_history	1	0x2002	DEVELOPMENTONLY|REPLICATED	0	0	static	A
cups_has_post_match	1	0x2002	DEVELOPMENTONLY|REPLICATED	0	0	static	A
cups_leaderboardRequestCacheLimit	128	0x2002	DEVELOPMENTONLY|REPLICATED	0	0	static	A
cups_leaderboardRequestCacheTimeout	1800.0	0x2002	DEVELOPMENTONLY|REPLICATED	0	0	static	A
curl_spamAllQueryStates	0	0x2	DEVELOPMENTONLY	0	0	static	A
cursorWide	2	0x2	DEVELOPMENTONLY	1	0	static	A
curved_zipline_skip_cooldown_increase	0	0x2	DEVELOPMENTONLY	1	0	static	A
customMatchChannel_hostname		0x22	DEVELOPMENTONLY|PROTECTED	1	0	static	A
customMatchPub_hostname		0x80020	PROTECTED|ARCHIVE_XBOX	1	0	static	A
customMatch_allowBanningLegends	1	0x80000	ARCHIVE_XBOX	0	0	static	A
customMatch_bannedLegends		0x82000	REPLICATED|ARCHIVE_XBOX	0	0	static	A
customMatch_channel		0x2	DEVELOPMENTONLY	1	0	static	A
customMatch_enabled	1	0x2002	DEVELOPMENTONLY|REPLICATED	1	0	static	A
customMatch_fastStart	1	0x2002	DEVELOPMENTONLY|REPLICATED	0	0	static	A
customMatch_fillBotsMode	0	0x80000	ARCHIVE_XBOX	0	0	static	A
customMatch_forceHiddenPlaylistAccess	0	0x2002	DEVELOPMENTONLY|REPLICATED	1	0	static	A
customMatch_forceSpecialAccess	0	0x2002	DEVELOPMENTONLY|REPLICATED	1	0	static	A
customMatch_hasMultiplePlayers	0	0x200	USERINFO	1	0	static	A
customMatch_liveapi	1	0x2002	DEVELOPMENTONLY|REPLICATED	1	0	static	A
customMatch_playerToken		0x2	DEVELOPMENTONLY	1	0	static	A
customMatch_public_enabled	1	0x2002	DEVELOPMENTONLY|REPLICATED	0	0	static	A
customMatch_startMatchmakingDelay	5	0x2	DEVELOPMENTONLY	1	0	static	A
dac		0x80200	USERINFO|ARCHIVE_XBOX	0	0	static	A
damageIndicatorReplayTimeOffset	0.0	0x2	DEVELOPMENTONLY	1	0	static	A
damage_indicator_style_pilot	2	0x1000000	SCRIPTS_ONLY	1	0	static	A
damageinfo_defendInvalidValues	0	0x2002	DEVELOPMENTONLY|REPLICATED	0	0	static	A
debugFootstepEffects	0	0x2	DEVELOPMENTONLY	0	0	static	A
debug_controller_menu_test_generic	0	0x2	DEVELOPMENTONLY	1	0	static	A
debug_debug_overlay	0	0x4004	GAMEDLL|CHEAT	1	1	static	A
debug_force_textRestriction	-1	0x2	DEVELOPMENTONLY	1	0	static	A
debug_force_ugcRestriction	-1	0x2	DEVELOPMENTONLY	1	0	static	A
debug_force_voiceRestriction	-1	0x2	DEVELOPMENTONLY	1	0	static	A
debug_map_crc	0	0x2	DEVELOPMENTONLY	0	0	static	A
defer_weapon_effects	1	0x2	DEVELOPMENTONLY	1	0	static	A
delayPostSnapshotNotificationsToAfterInterpolation	1	0x2	DEVELOPMENTONLY	1	0	static	A
deltaBuf_dump_includeFields	1	0x2	DEVELOPMENTONLY	0	0	static	A
deltaBuf_forceOverflow	0	0x2	DEVELOPMENTONLY	1	0	static	A
deltaBuf_fullUpdateOnOverflow	0	0x2	DEVELOPMENTONLY	1	0	static	A
deltaBuf_restrictSizePercent	100	0x2	DEVELOPMENTONLY	0	0	static	A
demo_autoRecord	1	0x2	DEVELOPMENTONLY	0	0	static	A
demo_autoRecordName	demo	0x2	DEVELOPMENTONLY	0	0	static	A
demo_connect_string		0x2	DEVELOPMENTONLY	0	0	static	A
demo_ui_enable		0x2	DEVELOPMENTONLY	0	0	static	A
depth_prepass_dist_cutouts	100	0x2	DEVELOPMENTONLY	1	0	static	A
depth_prepass_dist_opaques	30	0x2	DEVELOPMENTONLY	1	0	static	A
depth_prepass_include_opaques	1	0x2	DEVELOPMENTONLY	1	0	static	A
devStats	0	0x2002	DEVELOPMENTONLY|REPLICATED	1	0	static	A
dev_telemetry_enabled	0	0x80000	ARCHIVE_XBOX	1	0	static	A
dev_telemetry_logging	0	0x2	DEVELOPMENTONLY	1	0	static	A
dev_telemetry_send_timeout_seconds	30	0x80000	ARCHIVE_XBOX	1	0	static	A
developer	0	0x80000	ARCHIVE_XBOX	1	0	static	A
dialogue_cat_generic	1	0x2	DEVELOPMENTONLY	1	0	static	A2
dialogue_cat_host_flavor	1	0x1000000	SCRIPTS_ONLY	1	0	static	A2
dialogue_cat_host_important	1	0x1000000	SCRIPTS_ONLY	1	0	static	A2
dialogue_cat_legend_flavor	1	0x1000000	SCRIPTS_ONLY	1	0	static	A2
dialogue_cat_legend_important	1	0x1000000	SCRIPTS_ONLY	1	0	static	A2
dialogue_cat_ping_flavor	1	0x1000000	SCRIPTS_ONLY	0	0	static	A2
dialogue_cat_ping_important	1	0x1000000	SCRIPTS_ONLY	0	0	static	A2
dialogue_cat_weapon_flavor	1	0x1000000	SCRIPTS_ONLY	1	0	static	A2
dialogue_debug	0	0x2	DEVELOPMENTONLY	0	0	static	A2
directlighting_debug	0	0x2	DEVELOPMENTONLY	1	0	static	A
directlighting_debug_clusters	0	0x2	DEVELOPMENTONLY	0	0	static	A
directlighting_debug_freeze	0	0x4000	CHEAT	1	1	static	A
directlighting_debug_lightidx	-1	0x4000	CHEAT	1	1	static	A
directlighting_debug_lightvolume	0	0x4000	CHEAT	0	1	static	A
directlighting_debugout	0	0x4000	CHEAT	1	1	static	A
directlighting_debugpick	0	0x4000	CHEAT	0	1	static	A
directlighting_debugpick_drawmode	0	0x4000	CHEAT	0	1	static	A
directlighting_debugpick_freeze	0	0x4000	CHEAT	0	1	static	A2
directlighting_debugpick_highlight	3	0x4000	CHEAT	0	1	static	A
directlighting_debugpick_ztest	0	0x4000	CHEAT	1	1	static	A2
directlighting_emissive_mul	1.0	0x2	DEVELOPMENTONLY	1	0	static	A
directlighting_falloff	1	0x2	DEVELOPMENTONLY	1	0	static	A
directlighting_falloff_cap	0.3	0x2	DEVELOPMENTONLY	1	0	static	A
directlighting_global_mul	1.0	0x2	DEVELOPMENTONLY	1	0	static	A
directlighting_mode	1	0x2	DEVELOPMENTONLY	1	0	static	A
disable_bone_lods	0	0x2	DEVELOPMENTONLY	1	0	static	A
disable_object_placement_in_oob_trigger	1	0x2002	DEVELOPMENTONLY|REPLICATED	1	0	static	A
disable_use_unspoofedid_social	0	0x2	DEVELOPMENTONLY	0	0	static	A
disallow_object_placement_special_in_oob_trigger	1	0x2002	DEVELOPMENTONLY|REPLICATED	1	0	static	A
disallow_object_placement_special_in_slip_trigger	0	0x2002	DEVELOPMENTONLY|REPLICATED	1	0	static	A
disallow_object_placement_special_in_slip_trigger_floor	1	0x2002	DEVELOPMENTONLY|REPLICATED	1	0	static	A
discord_largeImage	default	0x2	DEVELOPMENTONLY	1	0	static	A
discord_smallImage	default_small	0x2	DEVELOPMENTONLY	1	0	static	A
discord_updatePresence	0	0x80000	ARCHIVE_XBOX	1	0	static	A
dlight_default_falloff	0.3	0x2	DEVELOPMENTONLY	1	0	static	A
dlight_early_clear	1	0x2	DEVELOPMENTONLY	1	0	static	A
dlight_enable	1	0x2	DEVELOPMENTONLY	1	0	static	A
dlight_lumen_conversion	71.8	0x4000	CHEAT	0	1	static	A
dlight_overlay	0	0x4000	CHEAT	1	1	static	A
do_blurfade_at_eighth_res_ingame	0	0x2	DEVELOPMENTONLY	0	0	static	A
dodgeInputAllowed	1	0x2002	DEVELOPMENTONLY|REPLICATED	1	0	static	A
dodge_cockpitHack	0	0x2002	DEVELOPMENTONLY|REPLICATED	1	0	static	A
dodge_cockpitOffsetMax	3	0x2002	DEVELOPMENTONLY|REPLICATED	1	0	static	A
dodge_cockpitTiltMax	4	0x2002	DEVELOPMENTONLY|REPLICATED	1	0	static	A
dodge_vertical_enable	0	0x2002	DEVELOPMENTONLY|REPLICATED	1	0	static	A
dodge_vertical_horzspeedscale	0.5	0x2002	DEVELOPMENTONLY|REPLICATED	1	0	static	A
dodge_vertical_in_air	1	0x2002	DEVELOPMENTONLY|REPLICATED	1	0	static	A
dodge_vertical_threshold	0.1	0x2002	DEVELOPMENTONLY|REPLICATED	1	0	static	A
dodge_viewTiltDecreaseSpeed	2.5	0x2002	DEVELOPMENTONLY|REPLICATED	1	0	static	A
dodge_viewTiltFalloffTime	.7	0x2002	DEVELOPMENTONLY|REPLICATED	1	0	static	A
dodge_viewTiltIncreaseSpeed	5	0x2002	DEVELOPMENTONLY|REPLICATED	1	0	static	A
dodge_viewTiltMax	10	0x2002	DEVELOPMENTONLY|REPLICATED	1	0	static	A
dof_enable	1	0x2	DEVELOPMENTONLY	1	0	static	A
dof_farDepthEnd	3000	0x2	DEVELOPMENTONLY	1	0	static	A
dof_farDepthStart	2000	0x2	DEVELOPMENTONLY	1	0	static	A
dof_monitorFarDepthEnd	5000	0x2	DEVELOPMENTONLY	1	0	static	A
dof_monitorFarDepthStart	4000	0x2	DEVELOPMENTONLY	1	0	static	A
dof_monitorNearDepthEnd	0	0x2	DEVELOPMENTONLY	1	0	static	A
dof_monitorNearDepthStart	0	0x2	DEVELOPMENTONLY	1	0	static	A
dof_nearDepthEnd	7.7	0x2	DEVELOPMENTONLY	1	0	static	A
dof_nearDepthStart	7.5	0x2	DEVELOPMENTONLY	1	0	static	A
dof_overrideParams	0	0x2	DEVELOPMENTONLY	1	0	static	A
dof_variable_blur	0	0x2	DEVELOPMENTONLY	1	0	static	A
dormant_debug	0	0x2	DEVELOPMENTONLY	0	0	static	A
dsp_enabled	1	0x2002	DEVELOPMENTONLY|REPLICATED	0	0	static	A
dsp_health_multiplier	0.2	0x2002	DEVELOPMENTONLY|REPLICATED	0	0	static	A
dsp_notify_damage	0	0x2002	DEVELOPMENTONLY|REPLICATED	0	0	static	A
dtwatchclass		0x2	DEVELOPMENTONLY	0	0	static	A
dtwatchdecode	1	0x2	DEVELOPMENTONLY	0	0	static	A
dtwatchencode	1	0x2	DEVELOPMENTONLY	0	0	static	A
dtwatchent	-1	0x2	DEVELOPMENTONLY	0	0	static	A
dtwatchvar		0x2	DEVELOPMENTONLY	1	0	static	A
dump_varsights_calculations	0	0x2	DEVELOPMENTONLY	1	0	static	A
durango_voice_chat_team_only	1	0x2	DEVELOPMENTONLY	1	0	static	A
dvs_enable	1	0x40000000	NO_MIN_MAX_CHECK	1	0	static	A
dvs_enable_in_lobby	0	0x2	DEVELOPMENTONLY	1	0	static	A
dvs_gpuframetime_max	16500	0x2	DEVELOPMENTONLY	1	0	static	A
dvs_gpuframetime_min	15000	0x2	DEVELOPMENTONLY	1	0	static	A
dvs_gputimedelay_frames	3	0x2	DEVELOPMENTONLY	1	0	static	A
dvs_scale_min	0.5f	0x2	DEVELOPMENTONLY	1	0	static	A
ea_qvt_ident	0	0x80000	ARCHIVE_XBOX	1	0	static	A
eadpAuth_hostname		0x80020	PROTECTED|ARCHIVE_XBOX	1	0	static	A
eadpCodeRedemption_hostname		0x80020	PROTECTED|ARCHIVE_XBOX	1	0	static	A
eadpFriends_hostname		0x80020	PROTECTED|ARCHIVE_XBOX	1	0	static	A
eadpGroups_hostname		0x80020	PROTECTED|ARCHIVE_XBOX	1	0	static	A
eadpRtm_hostname		0x80020	PROTECTED|ARCHIVE_XBOX	1	0	static	A
eadpSearch_hostname		0x80020	PROTECTED|ARCHIVE_XBOX	1	0	static	A
eadpUM_hostname		0x80020	PROTECTED|ARCHIVE_XBOX	1	0	static	A
eadp_ctId	df6bea12-b33e-6797-2f39-2e3cf6cde3fa	0x2	DEVELOPMENTONLY	1	0	static	A
eadp_do_pidinfo_fetch	1	0x2	DEVELOPMENTONLY	1	0	static	A
eadp_force_nxNameDiscoverable	1	0x2	DEVELOPMENTONLY	1	0	static	A
eadp_friend_filter_invalid	1	0x2	DEVELOPMENTONLY	1	0	static	A
eadp_friend_use_ctid	1	0x2	DEVELOPMENTONLY	1	0	static	A
eadp_presence_encode_gamesessiondata	1	0x2	DEVELOPMENTONLY	1	0	static	A
eadp_presence_encode_presence_state	0	0x2	DEVELOPMENTONLY	1	0	static	A
eadp_rtm_spam_log	1	0x2	DEVELOPMENTONLY	0	0	static	A
effect_update_array_spam	0	0x2	DEVELOPMENTONLY	0	0	static	A
enable_KVFileOverrides	1	0x2	DEVELOPMENTONLY	1	0	static	A
enable_PlayerSettingOverrides	1	0x2	DEVELOPMENTONLY	1	0	static	A
enable_debug_free_energize	0	0x2002	DEVELOPMENTONLY|REPLICATED	1	0	static	A
enable_debug_overlays	1	0x4004	GAMEDLL|CHEAT	1	1	static	A
enable_height_based_land_anims	1	0x2002	DEVELOPMENTONLY|REPLICATED	1	0	static	A
enable_height_based_land_anims_titans	0	0x2002	DEVELOPMENTONLY|REPLICATED	1	0	static	A
enable_height_based_land_pov_anims_titans	1	0x2002	DEVELOPMENTONLY|REPLICATED	1	0	static	A
enable_io_error_reporting_to_backtrace	0	0x2	DEVELOPMENTONLY	1	0	static	A
enable_non_fatal_error_reports	1	0x80000	ARCHIVE_XBOX	1	0	static	A
enable_object_placement_special_post_validation	1	0x2002	DEVELOPMENTONLY|REPLICATED	1	0	static	A
enable_rotationStartTimeContiguous	1	0x2	DEVELOPMENTONLY	1	0	static	A
enable_script_string_cache	1	0x2	DEVELOPMENTONLY	0	0	static	A
enable_skeleton_draw	0	0x4000	CHEAT	1	1	static	A
enable_skeleton_draw_single_ent	0	0x4000	CHEAT	1	1	static	A
enable_uninitialized_netvar_crashes	0	0x2	DEVELOPMENTONLY	1	0	static	A
enforce_entitlements_fingerprint_match	0	0x6	DEVELOPMENTONLY|GAMEDLL	0	0	static	A
engine_pump_messages_before_sleep	1	0x40000000	NO_MIN_MAX_CHECK	1	0	static	A
ent_lightweightEnts	1	0x2	DEVELOPMENTONLY	1	0	static	A
ent_repack_almostFull	3000	0x2	DEVELOPMENTONLY	1	0	static	A
ent_repack_threshhold	0.0001	0x2	DEVELOPMENTONLY	1	0	static	A
entity_error_on_hitbox_count_mismatch	1	0x2002	DEVELOPMENTONLY|REPLICATED	1	0	static	A
entity_skipRedundantAddEffects	1	0x2	DEVELOPMENTONLY	1	0	static	A
entity_useNetworkFieldBuffer	1	0x400002	DEVELOPMENTONLY|MATERIAL_SYSTEM_THREAD	1	0	static	A
entityreport_minAllocations	4	0x2	DEVELOPMENTONLY	1	0	static	A
eosIgnoreAuthFailures	0	0x12	DEVELOPMENTONLY|HIDDEN	1	0	static	A
eosIsActive	0	0x12	DEVELOPMENTONLY|HIDDEN	1	0	static	A
eosJWT		0x210	HIDDEN|USERINFO	1	0	static	A
eosLoginRetryMaxTime	10	0x2	DEVELOPMENTONLY	1	0	static	A
eosScriptDoTest	1	0x12	DEVELOPMENTONLY|HIDDEN	0	0	static	A
eos_clientId	xyza7891WCjrwu4Qaae1FjlQG3WVUzzZ	0xa	DEVELOPMENTONLY|CLIENTDLL	1	0	static	A
eos_clientSecret	NeCy9CUslrCisoxyhxcYBIe0u1YlXrXTfxF1SbN44Mo	0x80a	DEVELOPMENTONLY|CLIENTDLL|UNLOGGED	1	0	static	A
eos_deploymentId	47a5a1b2e0f64748a96777920ad97fbd	0x2	DEVELOPMENTONLY	1	0	static	A
eos_sandboxId	f9f24f4a353b451297e31f5db9cc54f2	0x2	DEVELOPMENTONLY	1	0	static	A
equip_all_emotes	0	0x2002	DEVELOPMENTONLY|REPLICATED	1	0	static	A
error_if_non_standard_ent_create	0	0x2	DEVELOPMENTONLY	0	0	static	A
error_save_message_for_crash_dump	1	0x2	DEVELOPMENTONLY	0	0	static	A
eula_version	1	0x2	DEVELOPMENTONLY	1	0	static	A
eula_version_accepted	0	0x1000000	SCRIPTS_ONLY	1	0	static	A
eventseq_debug	0	0x2	DEVELOPMENTONLY	0	0	static	A
everything_unlocked	0	0x2002	DEVELOPMENTONLY|REPLICATED	1	0	static	A
fast_intro	0	0x2002	DEVELOPMENTONLY|REPLICATED	0	0	static	A
fast_path_updates_player_proxy_vis	1	0x2002	DEVELOPMENTONLY|REPLICATED	1	0	static	A
fatal_error_signal_abort	1	0x80000	ARCHIVE_XBOX	1	0	static	A
fatal_script_error_prompt		0x2002	DEVELOPMENTONLY|REPLICATED	1	0	static	A
fatal_script_errors	1	0x2002	DEVELOPMENTONLY|REPLICATED	1	0	static	A
fatal_script_errors_client	-1	0x2	DEVELOPMENTONLY	1	0	static	A
fatal_script_errors_dump_n_struct_members	3	0x2002	DEVELOPMENTONLY|REPLICATED	1	0	static	A
fatal_script_errors_server	-1	0x2	DEVELOPMENTONLY	1	0	static	A
feature_suppression_flags	0	0x12	DEVELOPMENTONLY|HIDDEN	1	0	static	A
filesystem_buffer_size	0	0x2	DEVELOPMENTONLY	1	0	static	A
filesystem_max_stdio_read	16	0x2	DEVELOPMENTONLY	1	0	static	A
filesystem_native	1	0x2	DEVELOPMENTONLY	1	0	static	A
filesystem_report_buffered_io	0	0x2	DEVELOPMENTONLY	0	0	static	A
filesystem_unbuffered_io	1	0x2	DEVELOPMENTONLY	1	0	static	A
filesystem_use_overlapped_io	1	0x2	DEVELOPMENTONLY	1	0	static	A
find_mismatched_player_collision_bug	1	0x2002	DEVELOPMENTONLY|REPLICATED	1	0	static	A
fire_animevents_overlay_not_active	0	0x2002	DEVELOPMENTONLY|REPLICATED	1	0	static	A
first_person_bullet_delay	0.1f	0x2002	DEVELOPMENTONLY|REPLICATED	1	0	static	A
first_person_proxy_blend_distance	100	0x2	DEVELOPMENTONLY	1	0	static	A
first_person_proxy_debug	0	0x6000	REPLICATED|CHEAT	1	1	static	A
first_time_player_state	0	0x1000000	SCRIPTS_ONLY	1	0	static	A
fog_enable	1	0x40000002	DEVELOPMENTONLY|NO_MIN_MAX_CHECK	1	0	static	A
fog_enableskybox	1	0x2	DEVELOPMENTONLY	1	0	static	A
footstep_voice_override		0x2	DEVELOPMENTONLY	1	0	static	A
footstep_voice_override_onlygears	0	0x2	DEVELOPMENTONLY	1	0	static	A
force3PLaserAttachment	HEADFOCUS	0x2002	DEVELOPMENTONLY|REPLICATED	1	0	static	A
force_EAAccess	-1	0x2	DEVELOPMENTONLY	1	0	static	A
force_stance_v2	1	0x2002	DEVELOPMENTONLY|REPLICATED	0	0	static	A
fov_disableAbilityScaling	0	0x41000000	SCRIPTS_ONLY|NO_MIN_MAX_CHECK	1	0	static	A2
fps_absolute_max	300.0	0x2002	DEVELOPMENTONLY|REPLICATED	1	0	static	A
fps_max	-1	0x80000	ARCHIVE_XBOX	1	0	static	A
fps_max_use_refresh	0	0x2	DEVELOPMENTONLY	1	0	static	A
fps_max_vsync	0	0x2	DEVELOPMENTONLY	1	0	static	A
fps_swings_tracking	1	0xa	DEVELOPMENTONLY|CLIENTDLL	1	0	static	A
freecam_swallowButtonInput	1	0x4000	CHEAT	0	1	static	A
freefall_sound_autoplay_time	1.0	0x2002	DEVELOPMENTONLY|REPLICATED	1	0	static	A
freefall_sound_height	200.0	0x2002	DEVELOPMENTONLY|REPLICATED	1	0	static	A
friends_invitePreferFirstParty	0	0x2	DEVELOPMENTONLY	0	0	static	A
friends_joinUsePresence	1	0x2	DEVELOPMENTONLY	0	0	static	A
friends_onlineUpdateInterval	10	0x2	DEVELOPMENTONLY	1	0	static	A
fs_fwrite_report_partial_writes	0	0x2	DEVELOPMENTONLY	1	0	static	A
fs_intralevel_reads	0	0x2	DEVELOPMENTONLY	0	0	static	A
fs_report_intra_level_readopens	0	0x2	DEVELOPMENTONLY	1	0	static	A
fs_report_long_reads	0	0x2	DEVELOPMENTONLY	1	0	static	A
fs_report_sync_opens	0	0x2	DEVELOPMENTONLY	0	0	static	A
fs_report_sync_opens_callstack	0	0x2	DEVELOPMENTONLY	0	0	static	A
fs_report_sync_opens_fatal	0	0x40000002	DEVELOPMENTONLY|NO_MIN_MAX_CHECK	0	0	static	A
fs_showAllReads	0	0x2	DEVELOPMENTONLY	0	0	static	A
fs_warning_mode	0	0x2	DEVELOPMENTONLY	1	0	static	A
ftue_enable_experimentation	0	0x2002	DEVELOPMENTONLY|REPLICATED	1	0	static	A
ftue_exp_killswitch	0	0x2002	DEVELOPMENTONLY|REPLICATED	0	0	static	A
ftue_flow_enabled	1	0x2002	DEVELOPMENTONLY|REPLICATED	0	0	static	A
ftue_npp_assignment_enabled	1	0x2012	DEVELOPMENTONLY|HIDDEN|REPLICATED	0	0	static	A
full_crash_dumps_all_crashes	0	0x80000	ARCHIVE_XBOX	1	0	static	A
full_crash_dumps_backtrace_fingerprint		0x80000	ARCHIVE_XBOX	1	0	static	A
full_crash_dumps_enabled	0	0x80000	ARCHIVE_XBOX	1	0	static	A
full_crash_dumps_max_attachments	0	0x80000	ARCHIVE_XBOX	1	0	static	A
full_crash_dumps_max_count	2	0x80000	ARCHIVE_XBOX	1	0	static	A
full_crash_dumps_size	0	0x80000	ARCHIVE_XBOX	1	0	static	A
full_crash_dumps_wait_for_debugger	0	0x80000	ARCHIVE_XBOX	1	0	static	A
fullscreen_enabled	0	0x2	DEVELOPMENTONLY	1	0	static	A
func_break_max_pieces	15	0x2080	ARCHIVE|REPLICATED	1	0	static	A
fx_allow_force_mvecs_to_zero	1	0x80000	ARCHIVE_XBOX	1	0	static	A
fx_debug	0	0x2002	DEVELOPMENTONLY|REPLICATED	0	0	static	A
fx_deferWorldTraceConstraint	1	0x2	DEVELOPMENTONLY	1	0	static	A
fx_impact_ally	0.49 0.76 1.0 1.0	0x2	DEVELOPMENTONLY	0	0	static	A
fx_impact_enemy	1.0 0.47 0.13 1.0	0x2	DEVELOPMENTONLY	0	0	static	A
fx_impact_neutral	0.86 0.86 0.86 1.0	0x2	DEVELOPMENTONLY	0	0	static	A
fx_screenspacepass	1	0x2002	DEVELOPMENTONLY|REPLICATED	1	0	static	A
fx_sound_ambient	1	0x2	DEVELOPMENTONLY	1	0	static	A
fx_sound_oneshot	1	0x2	DEVELOPMENTONLY	1	0	static	A
fx_sound_oneshot_max_radius	15000	0x2	DEVELOPMENTONLY	1	0	static	A
fx_sound_thinkinterval_max	0.5	0x2	DEVELOPMENTONLY	1	0	static	A
fx_think_debug	0	0x2	DEVELOPMENTONLY	0	0	static	A
g_debug_ragdoll_removal	0	0x6000	REPLICATED|CHEAT	1	1	static	A
g_ragdoll_fadespeed	600	0x2	DEVELOPMENTONLY	1	0	static	A
g_ragdoll_important_maxcount	2	0x2002	DEVELOPMENTONLY|REPLICATED	1	0	static	A
g_ragdoll_lvfadespeed	100	0x2	DEVELOPMENTONLY	1	0	static	A
gameCursor_ModeActive	1	0x2	DEVELOPMENTONLY	1	0	static	A
gameCursor_Velocity	1300.0	0x1000000	SCRIPTS_ONLY	1	0	static	A
gamemode_select_show_decorated_playlist	0	0x2	DEVELOPMENTONLY	0	0	static	A
gamemode_select_show_undecorated_playlist	0	0x2	DEVELOPMENTONLY	0	0	static	A
gamemovement_duck_debounce_threshold	0.0	0x2002	DEVELOPMENTONLY|REPLICATED	1	0	static	A
gamemovement_player_respawn_sounds_cooldown	1.0	0x2002	DEVELOPMENTONLY|REPLICATED	1	0	static	A
gamepad_ads_advanced_sensitivity_scalar_0	1.0	0x1000000	SCRIPTS_ONLY	1	0	static	A2
gamepad_ads_advanced_sensitivity_scalar_1	1.0	0x1000000	SCRIPTS_ONLY	0	0	static	A2
gamepad_ads_advanced_sensitivity_scalar_2	1.0	0x1000000	SCRIPTS_ONLY	0	0	static	A2
gamepad_ads_advanced_sensitivity_scalar_3	1.0	0x1000000	SCRIPTS_ONLY	1	0	static	A2
gamepad_ads_advanced_sensitivity_scalar_4	1.0	0x1000000	SCRIPTS_ONLY	1	0	static	A2
gamepad_ads_advanced_sensitivity_scalar_5	1.0	0x1000000	SCRIPTS_ONLY	1	0	static	A2
gamepad_ads_advanced_sensitivity_scalar_6	1.0	0x1000000	SCRIPTS_ONLY	1	0	static	A2
gamepad_ads_advanced_sensitivity_scalar_7	1.0	0x1000000	SCRIPTS_ONLY	1	0	static	A2
gamepad_aim_assist_ads_high_power_scopes	1	0x1000000	SCRIPTS_ONLY	1	0	static	A
gamepad_aim_assist_ads_low_power_scopes	1	0x1000000	SCRIPTS_ONLY	1	0	static	A
gamepad_aim_assist_hip_high_power_scopes	1	0x1000000	SCRIPTS_ONLY	1	0	static	A
gamepad_aim_assist_hip_low_power_scopes	1	0x1000000	SCRIPTS_ONLY	1	0	static	A
gamepad_aim_assist_melee	1	0x1000000	SCRIPTS_ONLY	1	0	static	A
gamepad_aim_speed	2	0x1000000	SCRIPTS_ONLY	1	0	static	A
gamepad_aim_speed_ads_0	-1	0x1000000	SCRIPTS_ONLY	1	0	static	A2
gamepad_aim_speed_ads_1	-1	0x1000000	SCRIPTS_ONLY	0	0	static	A2
gamepad_aim_speed_ads_2	-1	0x1000000	SCRIPTS_ONLY	0	0	static	A2
gamepad_aim_speed_ads_3	-1	0x1000000	SCRIPTS_ONLY	1	0	static	A2
gamepad_aim_speed_ads_4	-1	0x1000000	SCRIPTS_ONLY	1	0	static	A2
gamepad_aim_speed_ads_5	-1	0x1000000	SCRIPTS_ONLY	1	0	static	A2
gamepad_aim_speed_ads_6	-1	0x1000000	SCRIPTS_ONLY	1	0	static	A2
gamepad_aim_speed_ads_7	-1	0x1000000	SCRIPTS_ONLY	1	0	static	A2
gamepad_button_layout	0	0x1000000	SCRIPTS_ONLY	1	0	static	A
gamepad_buttons_are_southpaw	0	0x1000000	SCRIPTS_ONLY	0	0	static	A
gamepad_custom_ads_pitch	75.0	0x1000000	SCRIPTS_ONLY	1	0	static	A
gamepad_custom_ads_turn_delay	0.25	0x1000000	SCRIPTS_ONLY	1	0	static	A
gamepad_custom_ads_turn_pitch	30.0	0x1000000	SCRIPTS_ONLY	1	0	static	A
gamepad_custom_ads_turn_time	1.0	0x1000000	SCRIPTS_ONLY	1	0	static	A
gamepad_custom_ads_turn_yaw	30.0	0x1000000	SCRIPTS_ONLY	1	0	static	A
gamepad_custom_ads_yaw	110.0	0x1000000	SCRIPTS_ONLY	1	0	static	A
gamepad_custom_assist_on	1	0x1000000	SCRIPTS_ONLY	1	0	static	A
gamepad_custom_assist_style	0	0x1000000	SCRIPTS_ONLY	0	0	static	A
gamepad_custom_curve	10.0	0x1000000	SCRIPTS_ONLY	1	0	static	A
gamepad_custom_deadzone_in	0.15	0x1000000	SCRIPTS_ONLY	1	0	static	A
gamepad_custom_deadzone_out	0.02	0x1000000	SCRIPTS_ONLY	1	0	static	A
gamepad_custom_enabled	0	0x1000000	SCRIPTS_ONLY	1	0	static	A
gamepad_custom_hip_pitch	120.0	0x1000000	SCRIPTS_ONLY	1	0	static	A
gamepad_custom_hip_turn_delay	0.0	0x1000000	SCRIPTS_ONLY	1	0	static	A
gamepad_custom_hip_turn_pitch	0.0	0x1000000	SCRIPTS_ONLY	1	0	static	A
gamepad_custom_hip_turn_time	0.33	0x1000000	SCRIPTS_ONLY	1	0	static	A
gamepad_custom_hip_turn_yaw	220.0	0x1000000	SCRIPTS_ONLY	1	0	static	A
gamepad_custom_hip_yaw	160.0	0x1000000	SCRIPTS_ONLY	1	0	static	A
gamepad_custom_pilot	0,1,2,3,4,5,6,7,8,9,10,11,12,13	0x1000000	SCRIPTS_ONLY	0	0	static	A
gamepad_custom_titan	0,1,2,3,4,5,6,7,8,9,10,11,12,13	0x1000000	SCRIPTS_ONLY	0	0	static	A
gamepad_deadzone_index_look	1	0x1000000	SCRIPTS_ONLY	1	0	static	A
gamepad_deadzone_index_move	1	0x1000000	SCRIPTS_ONLY	1	0	static	A
gamepad_enabled	1	0x2	DEVELOPMENTONLY	1	0	static	A
gamepad_look_curve	0	0x1000000	SCRIPTS_ONLY	1	0	static	A
gamepad_stick_layout	0	0x1000000	SCRIPTS_ONLY	1	0	static	A
gamepad_toggle_ads	0	0x1000000	SCRIPTS_ONLY	1	0	static	A
gamepad_toggle_survivalSlot_to_weaponInspect	0	0x1000000	SCRIPTS_ONLY	0	0	static	A
gamepad_togglecrouch_hold	0	0x1000000	SCRIPTS_ONLY	1	0	static	A
gamepad_trigger_threshold	30	0x1000000	SCRIPTS_ONLY	1	0	static	A
gamepad_use_per_scope_ads_settings	0	0x1000000	SCRIPTS_ONLY	1	0	static	A
gamepad_use_per_scope_sensitivity_scalars	0	0x1000000	SCRIPTS_ONLY	1	0	static	A
gamepad_use_type	2	0x1000000	SCRIPTS_ONLY	1	0	static	A
gamma_adjusted	0	0x1000000	SCRIPTS_ONLY	0	0	static	A
gamma_scale	1.0	0x2	DEVELOPMENTONLY	1	0	static	A
gatherprops_no_wait	1	0x2	DEVELOPMENTONLY	1	0	static	A
gfx_amdUseLowLatency	1	0x80080	ARCHIVE|ARCHIVE_XBOX	1	0	static	A
gfx_desaturate_force	0	0x2	DEVELOPMENTONLY	1	0	static	A
gfx_dump_shaders	0	0x2	DEVELOPMENTONLY	1	0	static	A
gfx_forceAllowedLowLatencyMode	-1	0x2	DEVELOPMENTONLY	1	0	static	A
gfx_growablebuffer_debug	0	0x2	DEVELOPMENTONLY	0	0	static	A
gfx_growablebuffer_debug_force_decommit	0	0x2	DEVELOPMENTONLY	0	0	static	A
gfx_nvnUseLowLatency	1	0x80080	ARCHIVE|ARCHIVE_XBOX	1	0	static	A
gfx_nvnUseLowLatencyBoost	0	0x80080	ARCHIVE|ARCHIVE_XBOX	1	0	static	A
gfx_paranoid_flushing	0	0x2	DEVELOPMENTONLY	1	0	static	A
gfx_vrs_enabled	1	0x2	DEVELOPMENTONLY	0	0	static	A
gfx_vrs_override_baserate	0	0x2	DEVELOPMENTONLY	0	0	static	A
gl_clear_color_buffer	0	0x4000	CHEAT	1	1	static	A
gl_clear_fogcolor	1	0x4000	CHEAT	1	1	static	A
gl_clear_mrt4	0	0x4000	CHEAT	1	1	static	A
gl_clear_randomcolor	0	0x4000	CHEAT	0	1	static	A
gl_clear_randomcolor_period_sec	1.0	0x4000	CHEAT	0	1	static	A
gladCards_debug	0	0x2	DEVELOPMENTONLY	0	0	static	A
gladcard_cache_debugging_enabled	0	0x2	DEVELOPMENTONLY	0	0	static	A
gladcard_cache_enabled	1	0x2	DEVELOPMENTONLY	1	0	static	A
gladcard_precache_concurrency	2	0x2	DEVELOPMENTONLY	0	0	static	A
gladcards_delayed_gcard_release_max	16	0x2	DEVELOPMENTONLY	0	0	static	A
gladcards_update_delay_range	0.35	0x2	DEVELOPMENTONLY	0	0	static	A
gladcards_wait_for_free_pip	1	0x2	DEVELOPMENTONLY	0	0	static	A
glass_break_required_speed	150	0x6000	REPLICATED|CHEAT	1	1	static	A
glass_shatter_direction_force_scale	1.0	0x2	DEVELOPMENTONLY	1	0	static	A
glass_shatter_force_scale	1.0	0x2	DEVELOPMENTONLY	1	0	static	A
glass_shatter_size_scale	1.0	0x2	DEVELOPMENTONLY	1	0	static	A
glass_shatter_use_real_direction	0	0x2	DEVELOPMENTONLY	1	0	static	A
glitch_aberrationScale	10	0x2002	DEVELOPMENTONLY|REPLICATED	0	0	static	A
global_lighting_partial_buffer	1	0x2	DEVELOPMENTONLY	1	0	static	A
gpu_level	3	0x2	DEVELOPMENTONLY	1	0	static	A
gpu_mem_level	0	0x2	DEVELOPMENTONLY	0	0	static	A
gpu_vram_size_mb	0	0x2	DEVELOPMENTONLY	1	0	static	A
grapple_accel_human	1000	0x2002	DEVELOPMENTONLY|REPLICATED	1	0	static	A
grapple_accel_titan	1800	0x2002	DEVELOPMENTONLY|REPLICATED	1	0	static	A
grapple_around_obstacle_accel	1000	0x2002	DEVELOPMENTONLY|REPLICATED	1	0	static	A
grapple_autoMantle	0.25	0x2002	DEVELOPMENTONLY|REPLICATED	1	0	static	A
grapple_autoMeleeConvergeTime	1.0	0x2002	DEVELOPMENTONLY|REPLICATED	1	0	static	A
grapple_autoMeleeOnDetach	1	0x2002	DEVELOPMENTONLY|REPLICATED	1	0	static	A
grapple_autoMeleePredict	0	0x2002	DEVELOPMENTONLY|REPLICATED	1	0	static	A
grapple_autoMeleePredictTime	0.13	0x2002	DEVELOPMENTONLY|REPLICATED	1	0	static	A
grapple_autoMeleeViewRotateSpeedFar	1	0x2002	DEVELOPMENTONLY|REPLICATED	1	0	static	A
grapple_autoMeleeViewRotateSpeedNear	3	0x2002	DEVELOPMENTONLY|REPLICATED	1	0	static	A
grapple_debug	0	0x2002	DEVELOPMENTONLY|REPLICATED	1	0	static	A
grapple_decelMeleeStrength	1	0x2002	DEVELOPMENTONLY|REPLICATED	1	0	static	A
grapple_decel_human	425	0x2002	DEVELOPMENTONLY|REPLICATED	1	0	static	A
grapple_decel_titan	200	0x2002	DEVELOPMENTONLY|REPLICATED	1	0	static	A
grapple_detachExtraAllowedLength	256	0x2002	DEVELOPMENTONLY|REPLICATED	1	0	static	A
grapple_disableMeleeWhenActive	0	0x2002	DEVELOPMENTONLY|REPLICATED	1	0	static	A
grapple_fallSpeed	300	0x2002	DEVELOPMENTONLY|REPLICATED	1	0	static	A
grapple_forcedRetractVel	3000	0x2002	DEVELOPMENTONLY|REPLICATED	1	0	static	A
grapple_gracePeriod	0.25	0x2002	DEVELOPMENTONLY|REPLICATED	1	0	static	A
grapple_gravityPushUnderContribution	2	0x2002	DEVELOPMENTONLY|REPLICATED	1	0	static	A
grapple_initialImpulseOffGround_human	50	0x2002	DEVELOPMENTONLY|REPLICATED	1	0	static	A
grapple_initialImpulseOffGround_human_npc	150	0x2002	DEVELOPMENTONLY|REPLICATED	1	0	static	A
grapple_initialImpulseOffGround_titan	0	0x2002	DEVELOPMENTONLY|REPLICATED	1	0	static	A
grapple_initialImpulse_human	350	0x2002	DEVELOPMENTONLY|REPLICATED	1	0	static	A
grapple_initialImpulse_titan	350	0x2002	DEVELOPMENTONLY|REPLICATED	1	0	static	A
grapple_initialSlowFracVert_human	0.4	0x2002	DEVELOPMENTONLY|REPLICATED	1	0	static	A
grapple_initialSlowFracVert_titan	0.1	0x2002	DEVELOPMENTONLY|REPLICATED	1	0	static	A
grapple_initialSlowFrac_human	1	0x2002	DEVELOPMENTONLY|REPLICATED	1	0	static	A
grapple_initialSlowFrac_titan	0.5	0x2002	DEVELOPMENTONLY|REPLICATED	1	0	static	A
grapple_initialSpeedMin_human	0	0x2002	DEVELOPMENTONLY|REPLICATED	1	0	static	A
grapple_initialSpeedMin_titan	0	0x2002	DEVELOPMENTONLY|REPLICATED	1	0	static	A
grapple_jumpFrac	1.0	0x2002	DEVELOPMENTONLY|REPLICATED	1	0	static	A
grapple_letGravityHelpCosAngle	0.8	0x2002	DEVELOPMENTONLY|REPLICATED	1	0	static	A
grapple_lift	25	0x2002	DEVELOPMENTONLY|REPLICATED	1	0	static	A
grapple_pullDelay_human	0.2	0x2002	DEVELOPMENTONLY|REPLICATED	1	0	static	A
grapple_pullDelay_titan	0.2	0x2002	DEVELOPMENTONLY|REPLICATED	1	0	static	A
grapple_rodeoVerticalImpulse	750	0x2002	DEVELOPMENTONLY|REPLICATED	0	0	static	A
grapple_speedRampMax_human	400	0x2002	DEVELOPMENTONLY|REPLICATED	1	0	static	A
grapple_speedRampMax_titan	750	0x2002	DEVELOPMENTONLY|REPLICATED	1	0	static	A
grapple_speedRampMin_human	50	0x2002	DEVELOPMENTONLY|REPLICATED	1	0	static	A
grapple_speedRampMin_titan	400	0x2002	DEVELOPMENTONLY|REPLICATED	1	0	static	A
grapple_speedRampTime_human	1.5	0x2002	DEVELOPMENTONLY|REPLICATED	1	0	static	A
grapple_speedRampTime_titan	1.0	0x2002	DEVELOPMENTONLY|REPLICATED	1	0	static	A
grapple_swingAngle	45	0x2002	DEVELOPMENTONLY|REPLICATED	1	0	static	A
grapple_swingPullAngle	0	0x2002	DEVELOPMENTONLY|REPLICATED	1	0	static	A
grapple_swingPullSpeedLength	300.0	0x2002	DEVELOPMENTONLY|REPLICATED	1	0	static	A
grapple_swingPullSpeedScale	0.025	0x2002	DEVELOPMENTONLY|REPLICATED	1	0	static	A
grapple_titanEmbarkDist	250	0x2002	DEVELOPMENTONLY|REPLICATED	0	0	static	A
grapple_windowCheckDist	150	0x2002	DEVELOPMENTONLY|REPLICATED	1	0	static	A
gravity_grenade_decel	20000	0x2002	DEVELOPMENTONLY|REPLICATED	1	0	static	A
gravity_grenade_projectile_min_speed	600	0x2002	DEVELOPMENTONLY|REPLICATED	1	0	static	A
grenades_collide_against_hitboxes	1	0x80000	ARCHIVE_XBOX	1	0	static	A
ground_debug	0	0x2002	DEVELOPMENTONLY|REPLICATED	1	0	static	A
ground_reject_bvh_vertex	1	0x2002	DEVELOPMENTONLY|REPLICATED	1	0	static	A
ground_trace_hull_radius	12.0f	0x2002	DEVELOPMENTONLY|REPLICATED	1	0	static	A
grx_hasUnknownItems	0	0x2002	DEVELOPMENTONLY|REPLICATED	0	0	static	A
grx_vertical_dialogue_confirmation	1	0x2	DEVELOPMENTONLY	0	0	static	A
gtao_angle_bias	0	0x2	DEVELOPMENTONLY	1	0	static	A
gtao_intensity	1.65	0x2	DEVELOPMENTONLY	1	0	static	A
gtao_intensity_in_lobby	6	0x2	DEVELOPMENTONLY	1	0	static	A
gtao_thickness_heuristic	0.2	0x2	DEVELOPMENTONLY	1	0	static	A
hasAnyAssetsWithDiscardedStreamableData	0	0x200	USERINFO	1	0	static	A
hasMic	0	0x200	USERINFO	1	0	static	A
hasPartialInstall	0	0x200	USERINFO	1	0	static	A
has_seasonal_video	0	0x80000	ARCHIVE_XBOX	0	0	static	A
hbao_angle_bias	6	0x2	DEVELOPMENTONLY	1	0	static	A
hbao_intensity	3	0x2	DEVELOPMENTONLY	1	0	static	A
hbao_stepsize_random	0.5	0x2	DEVELOPMENTONLY	1	0	static	A
hbaobasic_tangent_bias	25	0x2	DEVELOPMENTONLY	1	0	static	A
hdr_screenshot_default_filename	HDRScreenshot.exr	0x2	DEVELOPMENTONLY	0	0	static	A
hdr_screenshot_directory		0x82	DEVELOPMENTONLY|ARCHIVE	0	0	static	A
hdr_ui_brightness	0.8f	0x2	DEVELOPMENTONLY	1	0	static	A
healthbar_particles_enabled	1	0x2002	DEVELOPMENTONLY|REPLICATED	0	0	static	A
hidehud	0	0x4000	CHEAT	1	1	static	A
highlight_deferred_update	1	0x2	DEVELOPMENTONLY	1	0	static	A
highlight_draw	1	0x2	DEVELOPMENTONLY	1	0	static	A
highlight_enable_discard	1	0x2	DEVELOPMENTONLY	1	0	static	A
highlight_lazy_clear_buffers	0	0x2	DEVELOPMENTONLY	1	0	static	A
highlight_object_max_count	255	0x2	DEVELOPMENTONLY	1	0	static	A
highlight_verbose	0	0x2002	DEVELOPMENTONLY|REPLICATED	0	0	static	A
highlight_visibility_use_spin_lock	1	0x40000000	NO_MIN_MAX_CHECK	1	0	static	A
hitch_alert_active	1	0x2	DEVELOPMENTONLY	1	0	static	A
hitch_alert_color	255 255 0 255	0x2	DEVELOPMENTONLY	1	0	static	A
hitch_alert_show_large_snapshots	0	0x2	DEVELOPMENTONLY	1	0	static	A
host_ShowIPCCallCount	0	0x2	DEVELOPMENTONLY	1	0	static	A
host_forceTakeHomeBuild	0	0x2	DEVELOPMENTONLY	1	0	static	A
host_framerate	0	0x2	DEVELOPMENTONLY	1	0	static	A
host_hasIrreversibleShutdown	1	0x2	DEVELOPMENTONLY	1	0	static	A
host_limitlocal	0	0x2	DEVELOPMENTONLY	1	0	static	A
host_map		0x80000	ARCHIVE_XBOX	1	0	static	A
host_print_frame_times	0	0x2	DEVELOPMENTONLY	0	0	static	A
host_profile	0	0x2	DEVELOPMENTONLY	0	0	static	A
host_runframe_input_parcelremainder	1	0x2	DEVELOPMENTONLY	1	0	static	A
host_sleep	0	0x4000	CHEAT	1	1	static	A
host_speeds	0	0x2	DEVELOPMENTONLY	1	0	static	A
host_syncfps	0	0x2	DEVELOPMENTONLY	1	0	static	A
host_thread_join_fast	0	0x2	DEVELOPMENTONLY	1	0	static	A
host_thread_mode	1	0x40000002	DEVELOPMENTONLY|NO_MIN_MAX_CHECK	1	0	static	A
host_timescale	1.0	0x6000	REPLICATED|CHEAT	1	1	static	A
hostname		0x80000	ARCHIVE_XBOX	1	0	static	A
hoverVehicleViewRollMultiplier	0.0	0x82000	REPLICATED|ARCHIVE_XBOX	1	0	static	A
hover_vehicle_air_brake_style	0	0x82000	REPLICATED|ARCHIVE_XBOX	1	0	static	A
hover_vehicle_air_jump	0	0x82000	REPLICATED|ARCHIVE_XBOX	1	0	static	A
hover_vehicle_banking_effects	1	0x82000	REPLICATED|ARCHIVE_XBOX	1	0	static	A
hover_vehicle_boost_collision_delay	1.0	0x82000	REPLICATED|ARCHIVE_XBOX	1	0	static	A
hover_vehicle_boost_collision_tolerance	55.0	0x82000	REPLICATED|ARCHIVE_XBOX	1	0	static	A
hover_vehicle_boost_direction_style	2	0x82000	REPLICATED|ARCHIVE_XBOX	1	0	static	A
hover_vehicle_boost_direction_style_freelook	0	0x82000	REPLICATED|ARCHIVE_XBOX	1	0	static	A
hover_vehicle_boost_max_vert_speed	600.0	0x82000	REPLICATED|ARCHIVE_XBOX	1	0	static	A
hover_vehicle_boost_on_hold	1	0x82000	REPLICATED|ARCHIVE_XBOX	1	0	static	A
hover_vehicle_boost_speed_decay_with_pitch	1	0x82000	REPLICATED|ARCHIVE_XBOX	1	0	static	A
hover_vehicle_boost_style	0	0x82000	REPLICATED|ARCHIVE_XBOX	1	0	static	A
hover_vehicle_boost_vert_jump_pad_delay	5.0	0x82000	REPLICATED|ARCHIVE_XBOX	1	0	static	A
hover_vehicle_camera_offset_height_base	-15.0	0x2	DEVELOPMENTONLY	1	0	static	A
hover_vehicle_camera_offset_height_speedDelta	20.0	0x2	DEVELOPMENTONLY	1	0	static	A
hover_vehicle_camera_smooth_rate	4.0	0x2	DEVELOPMENTONLY	1	0	static	A
hover_vehicle_collision_damage_debounce	1.0	0x82000	REPLICATED|ARCHIVE_XBOX	0	0	static	A
hover_vehicle_collision_force	3000.0	0x82000	REPLICATED|ARCHIVE_XBOX	0	0	static	A
hover_vehicle_collision_min_speed_threshold_vert	300.0	0x82000	REPLICATED|ARCHIVE_XBOX	1	0	static	A
hover_vehicle_collision_player_damage	0.0	0x82000	REPLICATED|ARCHIVE_XBOX	1	0	static	A
hover_vehicle_collision_player_damage_boost_only	0	0x82000	REPLICATED|ARCHIVE_XBOX	1	0	static	A
hover_vehicle_disembark_eye_angles_are_world_angles	1	0x82000	REPLICATED|ARCHIVE_XBOX	1	0	static	A
hover_vehicle_eject_enabled	0	0x82000	REPLICATED|ARCHIVE_XBOX	1	0	static	A
hover_vehicle_full_recharge_on_zero_boost	1	0x82000	REPLICATED|ARCHIVE_XBOX	1	0	static	A
hover_vehicle_glide_air_accel	250.0	0x82000	REPLICATED|ARCHIVE_XBOX	1	0	static	A
hover_vehicle_glide_check_max_air_time	1	0x82000	REPLICATED|ARCHIVE_XBOX	1	0	static	A
hover_vehicle_glide_debounce	0.5	0x82000	REPLICATED|ARCHIVE_XBOX	1	0	static	A
hover_vehicle_glide_debug	0	0x82000	REPLICATED|ARCHIVE_XBOX	1	0	static	A
hover_vehicle_glide_descent_speed	120.0	0x82000	REPLICATED|ARCHIVE_XBOX	1	0	static	A
hover_vehicle_glide_height_check_dist	1000.0	0x82000	REPLICATED|ARCHIVE_XBOX	1	0	static	A
hover_vehicle_glide_max_duration	5.0	0x82000	REPLICATED|ARCHIVE_XBOX	1	0	static	A
hover_vehicle_glide_max_thrust	0.9	0x82000	REPLICATED|ARCHIVE_XBOX	1	0	static	A
hover_vehicle_glide_max_total_air_time	15.0	0x82000	REPLICATED|ARCHIVE_XBOX	1	0	static	A
hover_vehicle_glide_min_height	-1.0	0x82000	REPLICATED|ARCHIVE_XBOX	1	0	static	A
hover_vehicle_glide_min_thrust	0.4	0x82000	REPLICATED|ARCHIVE_XBOX	1	0	static	A
hover_vehicle_glide_post_jump_delay	0.5	0x82000	REPLICATED|ARCHIVE_XBOX	1	0	static	A
hover_vehicle_glide_single_press	0	0x82000	REPLICATED|ARCHIVE_XBOX	1	0	static	A
hover_vehicle_glide_thrust_speed	8.0	0x82000	REPLICATED|ARCHIVE_XBOX	1	0	static	A
hover_vehicle_glide_tightness_down	0.25	0x82000	REPLICATED|ARCHIVE_XBOX	1	0	static	A
hover_vehicle_glide_tightness_up	0.1	0x82000	REPLICATED|ARCHIVE_XBOX	1	0	static	A
hover_vehicle_glide_to_min_thrust_duration	2.5	0x82000	REPLICATED|ARCHIVE_XBOX	1	0	static	A
hover_vehicle_glide_type	3	0x82000	REPLICATED|ARCHIVE_XBOX	1	0	static	A
hover_vehicle_glide_when_ascending	1	0x82000	REPLICATED|ARCHIVE_XBOX	1	0	static	A
hover_vehicle_gravity_lift_eject	1	0x82000	REPLICATED|ARCHIVE_XBOX	1	0	static	A
hover_vehicle_ground_effects	1	0x82000	REPLICATED|ARCHIVE_XBOX	1	0	static	A
hover_vehicle_health_start_on	1	0x82000	REPLICATED|ARCHIVE_XBOX	1	0	static	A
hover_vehicle_hover_height	38.0	0x82000	REPLICATED|ARCHIVE_XBOX	1	0	static	A
hover_vehicle_hover_height_parked	10.0	0x82000	REPLICATED|ARCHIVE_XBOX	1	0	static	A
hover_vehicle_invisible_when_camera_is_too_close	1	0x2	DEVELOPMENTONLY	1	0	static	A
hover_vehicle_jump_effect_min_time	0.5	0x82000	REPLICATED|ARCHIVE_XBOX	1	0	static	A
hover_vehicle_jump_on_hold	0	0x82000	REPLICATED|ARCHIVE_XBOX	1	0	static	A
hover_vehicle_passenger_left_attachment_name	passenger1	0x2002	DEVELOPMENTONLY|REPLICATED	1	0	static	A
hover_vehicle_player_pushaway_damage_max	50.0	0x82000	REPLICATED|ARCHIVE_XBOX	1	0	static	A
hover_vehicle_player_pushaway_damage_min	5.0	0x82000	REPLICATED|ARCHIVE_XBOX	1	0	static	A
hover_vehicle_player_pushaway_speed_based_damage	0	0x82000	REPLICATED|ARCHIVE_XBOX	1	0	static	A
hover_vehicle_player_pushaway_speed_max	1400.0	0x82000	REPLICATED|ARCHIVE_XBOX	1	0	static	A
hover_vehicle_player_pushaway_speed_min	300.0	0x82000	REPLICATED|ARCHIVE_XBOX	1	0	static	A
hover_vehicle_reset_camera_while_embarking	0	0x82000	REPLICATED|ARCHIVE_XBOX	0	0	static	A
hover_vehicle_yaw_nospring_smoothtime	0.3	0x82000	REPLICATED|ARCHIVE_XBOX	1	0	static	A
hover_vehicle_yaw_nospring_smoothtime_boosting	0.7	0x82000	REPLICATED|ARCHIVE_XBOX	1	0	static	A
hover_vehicle_yaw_spring_enabled	0	0x82000	REPLICATED|ARCHIVE_XBOX	1	0	static	A
http_StryderKey	CFFpQM9Tz88YppZt2X8nVz8nhNuaakDd	0x80820	PROTECTED|UNLOGGED|ARCHIVE_XBOX	1	0	static	A
http_debug	0	0x2	DEVELOPMENTONLY	1	0	static	A
http_debug_forceFailRate	0	0x2	DEVELOPMENTONLY	0	0	static	A
http_debug_forceFailStatus	429	0x2	DEVELOPMENTONLY	0	0	static	A
http_debug_forceFailUrlMatch		0x2	DEVELOPMENTONLY	0	0	static	A
http_expoBackoff_Enabled	2	0x2	DEVELOPMENTONLY	1	0	static	A
http_expoBackoff_Factor	4.0	0x2	DEVELOPMENTONLY	1	0	static	A
http_expoBackoff_FirstDelay	4.0	0x2	DEVELOPMENTONLY	1	0	static	A
http_expoBackoff_LongScale	0.0	0x2	DEVELOPMENTONLY	1	0	static	A
http_expoBackoff_MaxFailureWait	30	0x2	DEVELOPMENTONLY	1	0	static	A
http_expoBackoff_ScaleFactor	0.7142857	0x2	DEVELOPMENTONLY	1	0	static	A
http_failuresAsErrors	0	0x2	DEVELOPMENTONLY	0	0	static	A
http_maxAllocateAttempts	10	0x2	DEVELOPMENTONLY	1	0	static	A
http_sandbox	EARW.50	0x2	DEVELOPMENTONLY	1	0	static	A
http_showQueries	0	0x2	DEVELOPMENTONLY	0	0	static	A
http_showRequestInfo	0	0x2	DEVELOPMENTONLY	0	0	static	A
hud_autoreloadscript	0	0x2	DEVELOPMENTONLY	1	0	static	A
hud_setting_accessibleChat	0	0x1000000	SCRIPTS_ONLY	0	0	static	A
hud_setting_accolades_hudState	0	0x1000000	SCRIPTS_ONLY	0	0	static	A
hud_setting_accolades_tier_filter	0	0x1000000	SCRIPTS_ONLY	0	0	static	A
hud_setting_adsDof	1	0x1000000	SCRIPTS_ONLY	0	0	static	A
hud_setting_aind	0	0x1000000	SCRIPTS_ONLY	1	0	static	A
hud_setting_anonymousMode	0	0x1000200	USERINFO|SCRIPTS_ONLY	0	0	static	A
hud_setting_chainHeal	1	0x1000200	USERINFO|SCRIPTS_ONLY	0	0	static	A
hud_setting_compactOverHeadNames	0	0x1000000	SCRIPTS_ONLY	1	0	static	A
hud_setting_damageIndicatorStyle	2	0x1000000	SCRIPTS_ONLY	0	0	static	A
hud_setting_damageTextStyle	1	0x1000000	SCRIPTS_ONLY	0	0	static	A
hud_setting_energyAmmoDisplay	1	0x1000000	SCRIPTS_ONLY	0	0	static	A
hud_setting_minimapRotate	0	0x1000000	SCRIPTS_ONLY	0	0	static	A
hud_setting_observerFullmapAutoZoom	0	0x1000000	SCRIPTS_ONLY	0	0	static	A
hud_setting_pingAlpha	1.0	0x1000000	SCRIPTS_ONLY	0	0	static	A
hud_setting_pingDoubleTapEnemy	1	0x1000000	SCRIPTS_ONLY	0	0	static	A
hud_setting_showButtonHints	1	0x1000000	SCRIPTS_ONLY	1	0	static	A
hud_setting_showCallsigns	1	0x1000000	SCRIPTS_ONLY	0	0	static	A
hud_setting_showEnemyHealthBar	1	0x1000000	SCRIPTS_ONLY	0	0	static	A
hud_setting_showEnemyHighlight	1	0x1000000	SCRIPTS_ONLY	0	0	static	A
hud_setting_showHopUpPopUp	1	0x1000000	SCRIPTS_ONLY	0	0	static	A
hud_setting_showLevelUp	1	0x1000000	SCRIPTS_ONLY	0	0	static	A
hud_setting_showMedals	1	0x1000000	SCRIPTS_ONLY	0	0	static	A
hud_setting_showMeter	1	0x1000000	SCRIPTS_ONLY	0	0	static	A
hud_setting_showObituary	1	0x1000000	SCRIPTS_ONLY	0	0	static	A
hud_setting_showOffscreenPortrait	1	0x1000000	SCRIPTS_ONLY	1	0	static	A
hud_setting_showTeamNamesOnMap	0	0x1000000	SCRIPTS_ONLY	0	0	static	A
hud_setting_showTips	1	0x1000000	SCRIPTS_ONLY	0	0	static	A
hud_setting_showWeaponFlyouts	1	0x1000000	SCRIPTS_ONLY	0	0	static	A
hud_setting_streamerMode	0	0x1000000	SCRIPTS_ONLY	0	0	static	A
hud_simplifiedStackingDamageEnabled	1	0x2	DEVELOPMENTONLY	0	0	static	A
hudchat_clear_on_hide	1	0x2	DEVELOPMENTONLY	1	0	static	A
hudchat_enable_old_history_handling	0	0x2	DEVELOPMENTONLY	0	0	static	A
hudchat_new_message_fade_duration	1.0	0x2	DEVELOPMENTONLY	1	0	static	A
hudchat_new_message_shown_duration	12	0x2	DEVELOPMENTONLY	1	0	static	A
hudchat_play_text_to_speech	0	0x1000000	SCRIPTS_ONLY	1	0	static	A
hudchat_retain_input_state	1	0x2	DEVELOPMENTONLY	1	0	static	A
hudchat_text_check_teams	1	0x2	DEVELOPMENTONLY	1	0	static	A
hudchat_text_to_speech_max_age	900	0x2	DEVELOPMENTONLY	1	0	static	A
hudchat_transition_message_mode_fade_duration	0.25	0x2	DEVELOPMENTONLY	1	0	static	A
hudchat_visibility	1	0x1000000	SCRIPTS_ONLY	1	0	static	A
hudwarp_chopsize	60.0	0x4000	CHEAT	1	1	static	A
hudwarp_override	0	0x4000	CHEAT	1	1	static	A
hudwarp_viewDist	1.0	0x4000	CHEAT	1	1	static	A
hudwarp_xScale	1.2	0x4000	CHEAT	1	1	static	A
hudwarp_xWarp	45.0	0x4000	CHEAT	1	1	static	A
hudwarp_yScale	1.1	0x4000	CHEAT	1	1	static	A
hudwarp_yWarp	30.0	0x4000	CHEAT	1	1	static	A
huntMode_fovLerpTimeRatio	0.025	0x2	DEVELOPMENTONLY	1	0	static	A
huntMode_useFovEaseOutOverDuration	0	0x2	DEVELOPMENTONLY	1	0	static	A
idcolor_ally	0.34 0.59 0.86 3	0x2	DEVELOPMENTONLY	0	0	static	A
idcolor_ally_cb1	0.24 0.50 0.96 3	0x2	DEVELOPMENTONLY	0	0	static	A
idcolor_ally_cb2	0.0 0.58 0.77 3	0x2	DEVELOPMENTONLY	0	0	static	A
idcolor_ally_cb3	0.28 0.52 0.97 3	0x2	DEVELOPMENTONLY	0	0	static	A
idcolor_enemy	0.8 0.25 0.15 3	0x2	DEVELOPMENTONLY	0	0	static	A
idcolor_enemy_cb1	0.89 0.78 0.0 3	0x2	DEVELOPMENTONLY	0	0	static	A
idcolor_enemy_cb2	1.0 0.627 0.68 3	0x2	DEVELOPMENTONLY	0	0	static	A
idcolor_enemy_cb3	0.82 0.74 0.06 3	0x2	DEVELOPMENTONLY	0	0	static	A
idcolor_neutral	1.0 1.0 1.0 0.6	0x2	DEVELOPMENTONLY	0	0	static	A
ignore_fatal_errors	0	0x2	DEVELOPMENTONLY	1	0	static	A
ignore_material_flags_for_decals	0	0x2	DEVELOPMENTONLY	1	0	static	A
ignore_script_errors	0	0x2	DEVELOPMENTONLY	1	0	static	A
ik_debug	0	0x2002	DEVELOPMENTONLY|REPLICATED	1	0	static	A
ik_debug_chain		0x2002	DEVELOPMENTONLY|REPLICATED	1	0	static	A
ik_debug_ent		0x2002	DEVELOPMENTONLY|REPLICATED	1	0	static	A
ik_debug_text	0	0x2002	DEVELOPMENTONLY|REPLICATED	1	0	static	A
ik_enable	1	0x2002	DEVELOPMENTONLY|REPLICATED	1	0	static	A
ik_enable_client	1	0x2002	DEVELOPMENTONLY|REPLICATED	1	0	static	A
ik_height_adjust	1	0x2002	DEVELOPMENTONLY|REPLICATED	1	0	static	A
ik_height_adjust_debug	0	0x2002	DEVELOPMENTONLY|REPLICATED	0	0	static	A
ik_height_adjust_move_speed	2.0	0x2002	DEVELOPMENTONLY|REPLICATED	0	0	static	A
ik_height_adjust_sine	0	0x2002	DEVELOPMENTONLY|REPLICATED	0	0	static	A
ik_height_adjust_speed	2.0	0x2002	DEVELOPMENTONLY|REPLICATED	0	0	static	A
ik_latch	1	0x2002	DEVELOPMENTONLY|REPLICATED	1	0	static	A
ik_normal_lerp_rate	100	0x2002	DEVELOPMENTONLY|REPLICATED	1	0	static	A
ik_unlatch_max_rate	5	0x2002	DEVELOPMENTONLY|REPLICATED	1	0	static	A
ime_enabled	1	0x2	DEVELOPMENTONLY	1	0	static	A
imgui_buildmode	0	0x2	DEVELOPMENTONLY	0	0	static	A2
impact_allow	1	0x2	DEVELOPMENTONLY	1	0	static	A
impact_debug_info	0	0x2	DEVELOPMENTONLY	0	0	static	A
impact_victim_offset_always	1	0x2	DEVELOPMENTONLY	1	0	static	A
impact_victim_offset_dist	256	0x2	DEVELOPMENTONLY	1	0	static	A
impulse_low_decel_duration_scalar	0.003	0x2002	DEVELOPMENTONLY|REPLICATED	1	0	static	A
inPartyChat	0	0x200	USERINFO	1	0	static	A
in_syncRT	0	0x2	DEVELOPMENTONLY	1	0	static	A
in_usekeyboardsampletime	1	0x2	DEVELOPMENTONLY	1	0	static	A
inflight_stream_texture_max	8	0x2	DEVELOPMENTONLY	1	0	static	A
infoblock_requestInterval	300	0x2	DEVELOPMENTONLY	0	0	static	A
input_detection_antirecoil_match_max	5	0x2002	DEVELOPMENTONLY|REPLICATED	1	0	static	A
input_detection_antirecoil_threshold	0.01f	0x2002	DEVELOPMENTONLY|REPLICATED	1	0	static	A
input_detection_enabled	1	0x2002	DEVELOPMENTONLY|REPLICATED	1	0	static	A
input_did_turn_threshold	1.0f	0x2	DEVELOPMENTONLY	1	0	static	A
input_only_allow_client	0	0x4000	CHEAT	1	1	static	A
inputstack_debugger	0	0x2	DEVELOPMENTONLY	0	0	static	A
intro_viewed	0	0x1000000	SCRIPTS_ONLY	1	0	static	A
it_periodic_wakeup_ns	1000000	0x2	DEVELOPMENTONLY	1	0	static	A
it_use_high_resolution_wakeups	0	0x2	DEVELOPMENTONLY	1	0	static	A
it_use_periodic_timer	0	0x2	DEVELOPMENTONLY	1	0	static	A
jitter_aim_prevention_oscillation_threshold	-1	0x2002	DEVELOPMENTONLY|REPLICATED	1	0	static	A
joy_advaxisr	2	0x2	DEVELOPMENTONLY	1	0	static	A
joy_advaxisu	4	0x2	DEVELOPMENTONLY	1	0	static	A
joy_advaxisv	6	0x2	DEVELOPMENTONLY	1	0	static	A
joy_advaxisx	3	0x2	DEVELOPMENTONLY	1	0	static	A
joy_advaxisy	1	0x2	DEVELOPMENTONLY	1	0	static	A
joy_advaxisz	5	0x2	DEVELOPMENTONLY	1	0	static	A
joy_inverty	0	0x1000000	SCRIPTS_ONLY	1	0	static	A
joy_legacy	0	0x40000000	NO_MIN_MAX_CHECK	1	0	static	A
joy_movement_stick	0	0x40000000	NO_MIN_MAX_CHECK	1	0	static	A
joy_requireFocus	1	0x2	DEVELOPMENTONLY	1	0	static	A
joy_rumble	2	0x1000000	SCRIPTS_ONLY	1	0	static	A
joy_xcontroller_cfg_loaded	0	0x2	DEVELOPMENTONLY	1	0	static	A
jpeg_quality	90	0x2	DEVELOPMENTONLY	1	0	static	A
jt_batch_cnt	1	0x2	DEVELOPMENTONLY	1	0	static	A
jt_cpu_counter_perf	0	0x2	DEVELOPMENTONLY	0	0	static	A
jt_help_with_anything_ignore_preference	0	0x2	DEVELOPMENTONLY	1	0	static	A
jt_use_hyper_threads	0	0x2	DEVELOPMENTONLY	1	0	static	A
jt_yield_spin	0	0x2	DEVELOPMENTONLY	1	0	static	A
jump_grace_controller_disable_duration	-1.0	0x2002	DEVELOPMENTONLY|REPLICATED	1	0	static	A
jump_grace_cutoff_speed	1000	0x2002	DEVELOPMENTONLY|REPLICATED	1	0	static	A
jump_grace_decay_start_tap_count	1000	0x2002	DEVELOPMENTONLY|REPLICATED	1	0	static	A
jump_grace_jump	1	0x2002	DEVELOPMENTONLY|REPLICATED	1	0	static	A
jump_grace_limit_to_90	0	0x2002	DEVELOPMENTONLY|REPLICATED	1	0	static	A
jump_grace_max	0.7	0x2002	DEVELOPMENTONLY|REPLICATED	1	0	static	A
jump_grace_max_tap_count	1000	0x2002	DEVELOPMENTONLY|REPLICATED	1	0	static	A
jump_grace_min_tap_period	0.0	0x2002	DEVELOPMENTONLY|REPLICATED	1	0	static	A
jump_grace_multi_tap_decay	1.0	0x2002	DEVELOPMENTONLY|REPLICATED	1	0	static	A
jump_grace_multi_tap_decay_velocity_based_easing_type	1	0x2002	DEVELOPMENTONLY|REPLICATED	1	0	static	A
jump_grace_multi_tap_decay_velocity_based_max_decay	0.0	0x2002	DEVELOPMENTONLY|REPLICATED	1	0	static	A
jump_grace_multi_tap_decay_velocity_based_max_speed	900	0x2002	DEVELOPMENTONLY|REPLICATED	1	0	static	A
jump_grace_require_tap	1	0x2002	DEVELOPMENTONLY|REPLICATED	1	0	static	A
jump_grace_strength	0.7	0x2002	DEVELOPMENTONLY|REPLICATED	1	0	static	A
jump_graceperiod	0.2	0x2002	DEVELOPMENTONLY|REPLICATED	1	0	static	A
jump_graceperiodmax	0.5	0x2002	DEVELOPMENTONLY|REPLICATED	1	0	static	A
jump_graceperiodmin	0.2	0x2002	DEVELOPMENTONLY|REPLICATED	1	0	static	A
jump_pad_geo_trace_debug	0	0x2002	DEVELOPMENTONLY|REPLICATED	0	0	static	A
kepler_hostname		0x80000	ARCHIVE_XBOX	1	0	static	A
kepler_isEnabled	1	0x2002	DEVELOPMENTONLY|REPLICATED	1	0	static	A
laserSightColor	0000	0x1000200	USERINFO|SCRIPTS_ONLY	0	0	static	A
laserSightColorCustomized	0	0x1000200	USERINFO|SCRIPTS_ONLY	0	0	static	A
leaf_threadedRecompute	1	0x2	DEVELOPMENTONLY	1	0	static	A
leaf_threadedRecompute_batchSize	12	0x2	DEVELOPMENTONLY	1	0	static	A
leech_npc_angle_cos	-1	0x2002	DEVELOPMENTONLY|REPLICATED	1	0	static	A
lerp_debugEnt	-2	0x2002	DEVELOPMENTONLY|REPLICATED	0	0	static	A
lerp_opt	1	0x2	DEVELOPMENTONLY	1	0	static	A
lerp_threaded	1	0x2	DEVELOPMENTONLY	1	0	static	A
lerp_threaded_numEntsPerTask	6	0x2	DEVELOPMENTONLY	1	0	static	A
light_maxcone	85	0x2	DEVELOPMENTONLY	1	0	static	A
lighting_debug_overlay	0	0x2	DEVELOPMENTONLY	0	0	static	A2
lightmap_realtimelight	1	0x2	DEVELOPMENTONLY	1	0	static	A
lightmap_realtimeshadows	1	0x2	DEVELOPMENTONLY	1	0	static	A
liveapi_session	0	0x2002	DEVELOPMENTONLY|REPLICATED	1	0	static	A
load_base_lods_synchronously	0	0x40000000	NO_MIN_MAX_CHECK	1	0	static	A
loaderrorsCount	0	0x2	DEVELOPMENTONLY	0	0	static	A
loaderrorsNeedShown	0	0x2	DEVELOPMENTONLY	0	0	static	A
lobatac_fix	0	0x2002	DEVELOPMENTONLY|REPLICATED	1	0	static	A
lobby_battlepass_milestone_enabled	1	0x2002	DEVELOPMENTONLY|REPLICATED	0	0	static	A
lobby_cullNetEntities	1	0x2	DEVELOPMENTONLY	1	0	static	A
lobby_flicker_fix_disable	0	0x2	DEVELOPMENTONLY	1	0	static	A
lobby_max_fps	60	0x40000000	NO_MIN_MAX_CHECK	1	0	static	A
localClientPlayerCachedLevel	1	0x1000010	HIDDEN|SCRIPTS_ONLY	1	0	static	A
locationInfo		0x210	HIDDEN|USERINFO	1	0	static	A
locationInfo_nucleus	ZZ	0x210	HIDDEN|USERINFO	1	0	static	A
locator_background_border_color	255 255 255 15	0x2	DEVELOPMENTONLY	0	0	static	A
locator_background_border_thickness	3	0x2	DEVELOPMENTONLY	0	0	static	A
locator_background_color	255 255 255 5	0x2	DEVELOPMENTONLY	1	0	static	A
locator_background_shift_x	3	0x2	DEVELOPMENTONLY	0	0	static	A
locator_background_shift_y	1	0x2	DEVELOPMENTONLY	0	0	static	A
locator_background_style	0	0x2	DEVELOPMENTONLY	0	0	static	A
locator_background_thickness_x	8	0x2	DEVELOPMENTONLY	0	0	static	A
locator_background_thickness_y	0	0x2	DEVELOPMENTONLY	0	0	static	A
locator_fade_time	0.3	0x2	DEVELOPMENTONLY	0	0	static	A
locator_icon_max_size_non_ss	2	0x2	DEVELOPMENTONLY	0	0	static	A
locator_icon_min_size_non_ss	1.0	0x2	DEVELOPMENTONLY	0	0	static	A
locator_lerp_rest	2.25f	0x2	DEVELOPMENTONLY	0	0	static	A
locator_lerp_speed	5.0f	0x2	DEVELOPMENTONLY	0	0	static	A
locator_lerp_time	1.75f	0x2	DEVELOPMENTONLY	0	0	static	A
locator_pulse_time	1.0f	0x2	DEVELOPMENTONLY	0	0	static	A
locator_split_len	0.5f	0x4000	CHEAT	0	1	static	A
locator_split_maxwide_percent	0.80f	0x4000	CHEAT	0	1	static	A
locator_start_at_crosshair	0	0x2	DEVELOPMENTONLY	0	0	static	A
locator_target_offset_x	0	0x2	DEVELOPMENTONLY	0	0	static	A
locator_target_offset_y	0	0x2	DEVELOPMENTONLY	0	0	static	A
locator_topdown_style	0	0x2	DEVELOPMENTONLY	0	0	static	A
logTimePrefixFloatTime	0	0x2	DEVELOPMENTONLY	1	0	static	A
lookspring	0	0x80	ARCHIVE	1	0	static	A
lookstrafe	0	0x80	ARCHIVE	1	0	static	A
m_acceleration	0	0x80	ARCHIVE	1	0	static	A
m_clamp_to_window	0	0x80	ARCHIVE	1	0	static	A
m_forward	1.0	0x2	DEVELOPMENTONLY	0	0	static	A
m_invert_pitch	0	0x1000000	SCRIPTS_ONLY	1	0	static	A
mainmenu_background_movie	media/frontend.bik	0x2	DEVELOPMENTONLY	1	0	static	A
mantle_boost_disables_tap_strafes	1	0x2002	DEVELOPMENTONLY|REPLICATED	1	0	static	A
mantle_boost_input_setting	1	0x1000200	USERINFO|SCRIPTS_ONLY	1	0	static	A
mantle_boost_ui_setting	3	0x1000200	USERINFO|SCRIPTS_ONLY	1	0	static	A
map_settings_override	0	0x40004002	DEVELOPMENTONLY|CHEAT|NO_MIN_MAX_CHECK	1	1	static	A
mat_autoexposure_compensation	0	0x2	DEVELOPMENTONLY	1	0	static	A
mat_autoexposure_debug	0	0x2	DEVELOPMENTONLY	0	0	static	A2
mat_autoexposure_disable_controllers	0	0x2	DEVELOPMENTONLY	1	0	static	A2
mat_autoexposure_force_value	0.0	0x40004000	CHEAT|NO_MIN_MAX_CHECK	0	1	static	A
mat_autoexposure_max	3	0x2	DEVELOPMENTONLY	1	0	static	A
mat_autoexposure_max_luminance	10.0	0x2	DEVELOPMENTONLY	1	0	static	A
mat_autoexposure_max_multiplier	1.0	0x2	DEVELOPMENTONLY	1	0	static	A
mat_autoexposure_min	0.5	0x2	DEVELOPMENTONLY	1	0	static	A
mat_autoexposure_min_multiplier	1.0	0x2	DEVELOPMENTONLY	1	0	static	A
mat_autoexposure_speed	0.1	0x2	DEVELOPMENTONLY	1	0	static	A
mat_autoexposure_target_lum_max	1.0	0x2	DEVELOPMENTONLY	1	0	static	A
mat_autoexposure_target_lum_min	0.18	0x2	DEVELOPMENTONLY	1	0	static	A
mat_autoexposure_uncap	0	0x2	DEVELOPMENTONLY	1	0	static	A
mat_bloom_amount_override	-1	0x2	DEVELOPMENTONLY	1	0	static	A
mat_bloom_clamp	10	0x2	DEVELOPMENTONLY	1	0	static	A
mat_bloom_cutoff_default	1.5	0x2	DEVELOPMENTONLY	1	0	static	A
mat_bloom_cutoff_exposure_adapt	0.0	0x2	DEVELOPMENTONLY	1	0	static	A
mat_bloom_cutoff_override	-1	0x2	DEVELOPMENTONLY	1	0	static	A
mat_bloom_global_baseline	0.1	0x80000	ARCHIVE_XBOX	1	0	static	A
mat_bloom_streak_amount	0.0	0x2	DEVELOPMENTONLY	1	0	static	A
mat_bloom_streak_clamp	5	0x2	DEVELOPMENTONLY	1	0	static	A
mat_bloom_streak_cutoff	5.0f	0x2	DEVELOPMENTONLY	1	0	static	A
mat_bloom_streak_cutoff_exposure_adapt	0.0	0x2	DEVELOPMENTONLY	1	0	static	A
mat_bloom_streak_exponent_post	1.0	0x2	DEVELOPMENTONLY	1	0	static	A
mat_bloom_streak_exponent_pre	1.0f	0x2	DEVELOPMENTONLY	1	0	static	A
mat_bloom_wide_allow_monitor	1	0x2	DEVELOPMENTONLY	1	0	static	A
mat_bloom_wide_clamp	10	0x2	DEVELOPMENTONLY	1	0	static	A
mat_bloom_wide_exponent_pre	1.4	0x2	DEVELOPMENTONLY	1	0	static	A
mat_cloudmask	1	0x2	DEVELOPMENTONLY	0	0	static	A
mat_colcorrection_disableentities	0	0x2	DEVELOPMENTONLY	0	0	static	A
mat_colcorrection_editor	0	0x2	DEVELOPMENTONLY	0	0	static	A
mat_colcorrection_forceentitiesclientside	0	0x4000	CHEAT	1	1	static	A
mat_colorcorrection	1	0x4002	DEVELOPMENTONLY|CHEAT	1	1	static	A
mat_cubemap_dir_norm_bias	0.0001	0x2	DEVELOPMENTONLY	1	0	static	A
mat_cubemap_dir_norm_enable	0	0x2	DEVELOPMENTONLY	1	0	static	A
mat_cubemap_dir_norm_max_sh_directionality	0.7	0x2	DEVELOPMENTONLY	1	0	static	A
mat_cubemap_dir_norm_sky_auto_intensity	1	0x2	DEVELOPMENTONLY	1	0	static	A
mat_cubemap_dir_norm_sky_intensity_prior_weight	0.2	0x2	DEVELOPMENTONLY	1	0	static	A
mat_cubemap_streaming_enabled	0	0x4000	CHEAT	0	1	static	A
mat_cubemap_streaming_fade_duration	1	0x2	DEVELOPMENTONLY	1	0	static	A
mat_cubemap_streaming_max_requests	8	0x2	DEVELOPMENTONLY	1	0	static	A
mat_cubemap_streaming_max_samples	64	0x4000	CHEAT	0	1	static	A
mat_debug_alpha_mask_threshold	0.01	0x2	DEVELOPMENTONLY	0	0	static	A
mat_debug_grayscale	0	0x2	DEVELOPMENTONLY	0	0	static	A
mat_debug_luminance	0	0x2	DEVELOPMENTONLY	0	0	static	A
mat_debug_luminance_max	1.0	0x2	DEVELOPMENTONLY	0	0	static	A
mat_debug_luminance_min	0.0	0x2	DEVELOPMENTONLY	0	0	static	A
mat_debug_postprocess_allowed	0	0x2	DEVELOPMENTONLY	0	0	static	A2
mat_debug_postprocessing_effects	0	0x2	DEVELOPMENTONLY	0	0	static	A
mat_debug_tonemapping	5	0x2	DEVELOPMENTONLY	1	0	static	A
mat_debug_tonemapping_always_use_lut	0	0x2	DEVELOPMENTONLY	1	0	static	A
mat_debug_tonemapping_disable	0	0x2	DEVELOPMENTONLY	1	0	static	A
mat_debug_tonemapping_fb_blend	0.5	0x2	DEVELOPMENTONLY	1	0	static	A
mat_debug_tonemapping_linear_segment_end	0.35	0x2	DEVELOPMENTONLY	1	0	static	A
mat_debug_tonemapping_lut_d	33	0x2	DEVELOPMENTONLY	1	0	static	A
mat_debug_tonemapping_lut_h	33	0x2	DEVELOPMENTONLY	1	0	static	A
mat_debug_tonemapping_lut_w	33	0x2	DEVELOPMENTONLY	1	0	static	A
mat_debug_tonemapping_mid1	10.0	0x2	DEVELOPMENTONLY	1	0	static	A
mat_debug_tonemapping_mid2	1.5	0x2	DEVELOPMENTONLY	1	0	static	A
mat_debug_tonemapping_shoulder	0.5	0x2	DEVELOPMENTONLY	1	0	static	A
mat_debug_tonemapping_toe	0.3	0x2	DEVELOPMENTONLY	1	0	static	A
mat_debugalphasort	0	0x4002	DEVELOPMENTONLY|CHEAT	0	1	static	A
mat_debugalttab	0	0x4000	CHEAT	0	1	static	A
mat_depthbias_decal	-16	0x4002	DEVELOPMENTONLY|CHEAT	1	1	static	A
mat_depthbias_normal	0	0x4002	DEVELOPMENTONLY|CHEAT	1	1	static	A
mat_depthbias_shadowmap	0	0x4002	DEVELOPMENTONLY|CHEAT	1	1	static	A
mat_depthbias_tightshadowmap	10000	0x4002	DEVELOPMENTONLY|CHEAT	1	1	static	A
mat_depthbias_ui	-50	0x4002	DEVELOPMENTONLY|CHEAT	1	1	static	A
mat_depthbias_zfill	16	0x4002	DEVELOPMENTONLY|CHEAT	1	1	static	A
mat_depthbiasclamp_decal	-0.001	0x4002	DEVELOPMENTONLY|CHEAT	1	1	static	A
mat_depthbiasclamp_normal	0	0x4002	DEVELOPMENTONLY|CHEAT	1	1	static	A
mat_depthbiasclamp_shadowmap	0	0x4002	DEVELOPMENTONLY|CHEAT	1	1	static	A
mat_depthbiasclamp_ui	-0.001	0x4002	DEVELOPMENTONLY|CHEAT	1	1	static	A
mat_depthbiasclamp_zfill	0	0x4002	DEVELOPMENTONLY|CHEAT	1	1	static	A
mat_diffuse	1	0x2	DEVELOPMENTONLY	1	0	static	A
mat_disable_lightmap_ambient	0	0x4000	CHEAT	1	1	static	A
mat_disable_lightmaps	0	0x4000	CHEAT	1	1	static	A
mat_disable_model_ambient	0	0x4000	CHEAT	1	1	static	A
mat_drawMenuGrid	0	0x2	DEVELOPMENTONLY	1	0	static	A
mat_drawTitleSafe	0	0x2	DEVELOPMENTONLY	1	0	static	A
mat_dynamic_cubemap_blending	1	0x2	DEVELOPMENTONLY	1	0	static	A
mat_enable_emissive_fade	1	0x4000	CHEAT	1	1	static	A
mat_enable_ssr	0	0x2	DEVELOPMENTONLY	1	0	static	A
mat_envmap_capture_res	512	0x2	DEVELOPMENTONLY	1	0	static	A
mat_envmap_output_res	256	0x2	DEVELOPMENTONLY	0	0	static	A
mat_envmap_scale	1.0	0x2	DEVELOPMENTONLY	1	0	static	A
mat_exposure_counteraction_override	-1	0x4000	CHEAT	1	1	static	A
mat_fastnobump	0	0x4000	CHEAT	1	1	static	A
mat_fastspecular	1	0x2	DEVELOPMENTONLY	1	0	static	A
mat_filter_null_mesh_data	1	0x2	DEVELOPMENTONLY	1	0	static	A
mat_filterlightmaps	1	0x2	DEVELOPMENTONLY	1	0	static	A
mat_filtertextures	1	0x2	DEVELOPMENTONLY	1	0	static	A
mat_force_irradiance_volume	0	0x4000	CHEAT	1	1	static	A
mat_force_r5ao_model	0	0x2	DEVELOPMENTONLY	1	0	static	A
mat_forceaniso	2	0x40000000	NO_MIN_MAX_CHECK	1	0	static	A
mat_frame_color_bias	0.0	0x2	DEVELOPMENTONLY	1	0	static	A
mat_frame_color_enabled	1	0x2	DEVELOPMENTONLY	1	0	static	A
mat_frame_color_scale	5.0	0x2	DEVELOPMENTONLY	1	0	static	A
mat_frame_color_spot_metering_screen_ratio	0.8	0x2	DEVELOPMENTONLY	1	0	static	A
mat_fullbright	0	0x4000	CHEAT	1	1	static	A
mat_global_lighting	0	0x2	DEVELOPMENTONLY	1	0	static	A
mat_gpu_buffer_min_commit_mb	4	0x40000000	NO_MIN_MAX_CHECK	1	0	static	A
mat_gpu_buffer_usage_decrease_factor	0.005	0x2	DEVELOPMENTONLY	1	0	static	A
mat_gpu_buffer_usage_increase_factor	0.25	0x2	DEVELOPMENTONLY	1	0	static	A
mat_gpu_buffer_wait_for_fence	0	0x2	DEVELOPMENTONLY	1	0	static	A
mat_hdr_debug_heatmap	0	0x2	DEVELOPMENTONLY	0	0	static	A
mat_hdr_debug_heatmap_max_nits	4096	0x2	DEVELOPMENTONLY	1	0	static	A
mat_hdr_debug_heatmap_min_nits	1	0x2	DEVELOPMENTONLY	0	0	static	A
mat_hdr_paper_white_nits	300	0x4002	DEVELOPMENTONLY|CHEAT	1	1	static	A
mat_hdrcolorcorrection	1	0x2	DEVELOPMENTONLY	0	0	static	A
mat_hide_sun_in_last_cascade	0	0x2	DEVELOPMENTONLY	1	0	static	A
mat_instancing	1	0x2	DEVELOPMENTONLY	1	0	static	A
mat_letterbox_aspect_goal	1.6	0x2	DEVELOPMENTONLY	1	0	static	A
mat_letterbox_aspect_max	100.0	0x2	DEVELOPMENTONLY	1	0	static	A
mat_letterbox_aspect_min	1.59	0x40000000	NO_MIN_MAX_CHECK	1	0	static	A
mat_lightcull_subviews	0	0x4000	CHEAT	1	1	static	A
mat_materialmip_character_0	0 0 0 0	0x2	DEVELOPMENTONLY	0	0	static	A
mat_materialmip_character_1	0 0 1 1	0x2	DEVELOPMENTONLY	0	0	static	A
mat_materialmip_character_2	1 0 1 1	0x2	DEVELOPMENTONLY	0	0	static	A
mat_materialmip_character_3	1 1 2 2	0x2	DEVELOPMENTONLY	0	0	static	A
mat_materialmip_character_4	3 3 3 3	0x2	DEVELOPMENTONLY	0	0	static	A
mat_materialmip_cockpit_0	0 0 0 0	0x2	DEVELOPMENTONLY	0	0	static	A
mat_materialmip_cockpit_1	0 0 0 0	0x2	DEVELOPMENTONLY	0	0	static	A
mat_materialmip_cockpit_2	0 0 0 0	0x2	DEVELOPMENTONLY	0	0	static	A
mat_materialmip_cockpit_3	1 0 0 1	0x2	DEVELOPMENTONLY	0	0	static	A
mat_materialmip_cockpit_4	3 3 3 3	0x2	DEVELOPMENTONLY	1	0	static	A
mat_materialmip_model_0	0 0 0 0	0x2	DEVELOPMENTONLY	0	0	static	A
mat_materialmip_model_1	1 0 1 1	0x2	DEVELOPMENTONLY	0	0	static	A
mat_materialmip_model_2	1 1 1 1	0x2	DEVELOPMENTONLY	0	0	static	A
mat_materialmip_model_3	1 1 2 2	0x2	DEVELOPMENTONLY	0	0	static	A
mat_materialmip_model_4	3 3 3 3	0x2	DEVELOPMENTONLY	0	0	static	A
mat_materialmip_other_0	0 0 0 0	0x2	DEVELOPMENTONLY	0	0	static	A
mat_materialmip_other_1	1 1 1 1	0x2	DEVELOPMENTONLY	0	0	static	A
mat_materialmip_other_2	1 1 1 1	0x2	DEVELOPMENTONLY	0	0	static	A
mat_materialmip_other_3	1 1 1 1	0x2	DEVELOPMENTONLY	0	0	static	A
mat_materialmip_other_4	3 3 3 3	0x2	DEVELOPMENTONLY	0	0	static	A
mat_materialmip_world_0	0 0 0 0	0x2	DEVELOPMENTONLY	0	0	static	A
mat_materialmip_world_1	0 0 1 1	0x2	DEVELOPMENTONLY	0	0	static	A
mat_materialmip_world_2	0 1 1 1	0x2	DEVELOPMENTONLY	0	0	static	A
mat_materialmip_world_3	1 1 2 2	0x2	DEVELOPMENTONLY	0	0	static	A
mat_materialmip_world_4	3 3 3 3	0x2	DEVELOPMENTONLY	0	0	static	A
mat_minimize_on_alt_tab	0	0x40000000	NO_MIN_MAX_CHECK	1	0	static	A
mat_mip_linear	1	0x40000000	NO_MIN_MAX_CHECK	1	0	static	A
mat_mipmaptextures	1	0x2	DEVELOPMENTONLY	1	0	static	A
mat_new_sky_ambient_adjustment	0.65	0x4000	CHEAT	1	1	static	A
mat_new_sky_ambient_weight	0	0x2	DEVELOPMENTONLY	1	0	static	A
mat_no_stretching	0	0x40000000	NO_MIN_MAX_CHECK	1	0	static	A
mat_norendering	0	0x4000	CHEAT	1	1	static	A
mat_pbr_falloff_bias	20.0	0x2	DEVELOPMENTONLY	1	0	static	A
mat_picmip	0	0x40000000	NO_MIN_MAX_CHECK	1	0	static	A
mat_postprocess_enable	1	0x4000	CHEAT	0	1	static	A
mat_repeat_state_changes_after_submit	1	0x40000000	NO_MIN_MAX_CHECK	1	0	static	A
mat_reset_contexts_after_deferred_submit	1	0x40000000	NO_MIN_MAX_CHECK	1	0	static	A
mat_reset_tex_stream_when_unloading	1	0x40000000	NO_MIN_MAX_CHECK	1	0	static	A
mat_screen_blur_enabled	1	0x2	DEVELOPMENTONLY	1	0	static	A
mat_set_dress_level	2	0x40000000	NO_MIN_MAX_CHECK	1	0	static	A
mat_sharpen_amount	1.0	0x2	DEVELOPMENTONLY	1	0	static	A
mat_sharpen_threshold	0.5	0x2	DEVELOPMENTONLY	1	0	static	A
mat_sharpen_width	1.0	0x2	DEVELOPMENTONLY	1	0	static	A
mat_showlowresimage	0	0x4000	CHEAT	1	1	static	A
mat_showmiplevels	0	0x4000	CHEAT	1	1	static	A
mat_skipid	-1	0x4000	CHEAT	0	1	static	A
mat_slopescaledepthbias_decal	-4	0x4002	DEVELOPMENTONLY|CHEAT	1	1	static	A
mat_slopescaledepthbias_normal	0.0f	0x4002	DEVELOPMENTONLY|CHEAT	1	1	static	A
mat_slopescaledepthbias_shadowmap	2	0x4002	DEVELOPMENTONLY|CHEAT	1	1	static	A
mat_slopescaledepthbias_ui	-1.7	0x4002	DEVELOPMENTONLY|CHEAT	1	1	static	A
mat_slopescaledepthbias_zfill	2	0x4002	DEVELOPMENTONLY|CHEAT	1	1	static	A
mat_submit_multiple_contexts_at_once	1	0x40000000	NO_MIN_MAX_CHECK	1	0	static	A
mat_surfacefilter		0x4000	CHEAT	0	1	static	A
mat_surfaceid	0	0x4000	CHEAT	0	1	static	A
mat_surfacemat	0	0x4000	CHEAT	0	1	static	A
mat_sync_rt	0	0x4000	CHEAT	1	1	static	A
mat_sync_rt_flushes_gpu	0	0x2	DEVELOPMENTONLY	1	0	static	A
mat_use_alloc_for_tex_streaming	1	0x40000000	NO_MIN_MAX_CHECK	1	0	static	A
mat_vsyncMode	1	0x2	DEVELOPMENTONLY	0	0	static	A
mat_wide_bloom_amount_override	-1	0x2	DEVELOPMENTONLY	1	0	static	A
mat_wide_bloom_global_baseline	0.4	0x80000	ARCHIVE_XBOX	1	0	static	A
mat_wide_pillarbox	1	0x40000000	NO_MIN_MAX_CHECK	1	0	static	A
matchRequeue_check_chat_rule	1	0x2002	DEVELOPMENTONLY|REPLICATED	1	0	static	A
matchRequeue_leaveGraceTime	5.0	0x2	DEVELOPMENTONLY	0	0	static	A
matchSquadRequeue_enabled	1	0x2002	DEVELOPMENTONLY|REPLICATED	0	0	static	A
matchSquadRequeue_timeLimit	20.0	0x2002	DEVELOPMENTONLY|REPLICATED	0	0	static	A
match_allowMapRotationPreloading	1	0x80000	ARCHIVE_XBOX	0	0	static	A
match_backingOutMaxTimeToWait	60	0x2	DEVELOPMENTONLY	0	0	static	A
match_backoutslow	0	0x2	DEVELOPMENTONLY	0	0	static	A
match_checkSearchPlaylistChanged	1	0x2	DEVELOPMENTONLY	1	0	static	A
match_connect	1	0x2	DEVELOPMENTONLY	1	0	static	A
match_datacenter	west us	0x82000	REPLICATED|ARCHIVE_XBOX	0	0	static	A
match_defaultMap_party	mp_lobby	0x2	DEVELOPMENTONLY	1	0	static	A
match_dir		0x2	DEVELOPMENTONLY	1	0	static	A
match_displayDatacenter	0	0x2	DEVELOPMENTONLY	0	0	static	A
match_dumpSearchResults	0	0x2	DEVELOPMENTONLY	0	0	static	A
match_emptyUpdateRate	30	0x2	DEVELOPMENTONLY	0	0	static	A
match_enabled	1	0x2	DEVELOPMENTONLY	1	0	static	A
match_ezlaunch	0	0x200	USERINFO	1	0	static	A
match_fakePort	-1	0x2	DEVELOPMENTONLY	0	0	static	A
match_fakeS2SPort	-1	0x2	DEVELOPMENTONLY	0	0	static	A
match_forcePostMatchSurvey	0	0x2002	DEVELOPMENTONLY|REPLICATED	0	0	static	A
match_forceVerboseSearches	0	0x2	DEVELOPMENTONLY	0	0	static	A
match_goodReputation	1	0x202	DEVELOPMENTONLY|USERINFO	1	0	static	A
match_jip	0	0x2002	DEVELOPMENTONLY|REPLICATED	1	0	static	A
match_maxPingsSent	50	0x2	DEVELOPMENTONLY	1	0	static	A
match_myBestDatacenter		0x80200	USERINFO|ARCHIVE_XBOX	1	0	static	A
match_myDatacenter		0x80080200	USERINFO|ARCHIVE_XBOX	1	0	static	A
match_myRankedDatacenter		0x80200	USERINFO|ARCHIVE_XBOX	1	0	static	A
match_myTeam	0	0x200	USERINFO	0	0	static	A
match_partyChangeNum		0x200	USERINFO	1	0	static	A
match_partySize		0x200	USERINFO	1	0	static	A
match_partySub		0x200	USERINFO	1	0	static	A
match_pingWaveInterval	0.2	0x2	DEVELOPMENTONLY	1	0	static	A
match_playlist		0x80200	USERINFO|ARCHIVE_XBOX	1	0	static	A
match_precachemap	1	0x2002	DEVELOPMENTONLY|REPLICATED	1	0	static	A
match_precachemapOnMismatch	1	0x80000	ARCHIVE_XBOX	1	0	static	A
match_privateMatchListWithStryder	1	0x2	DEVELOPMENTONLY	0	0	static	A
match_publicIp		0x2	DEVELOPMENTONLY	0	0	static	A
match_rankedMaxPing	200	0x2002	DEVELOPMENTONLY|REPLICATED	1	0	static	A
match_resetPlaylistBetweenMatches	1	0x2	DEVELOPMENTONLY	0	0	static	A
match_roleToken		0x80200	USERINFO|ARCHIVE_XBOX	1	0	static	A
match_searchInterval	2	0x80000	ARCHIVE_XBOX	1	0	static	A
match_searching	0	0x80200	USERINFO|ARCHIVE_XBOX	1	0	static	A
match_skipRedundantServerResets	1	0x2	DEVELOPMENTONLY	0	0	static	A
match_teamNoFill	0	0x80200	USERINFO|ARCHIVE_XBOX	0	0	static	A
match_trackMMR	1	0x80000	ARCHIVE_XBOX	0	0	static	A
match_updateNotableRate	5	0x2	DEVELOPMENTONLY	0	0	static	A
match_updateRate	30	0x2	DEVELOPMENTONLY	0	0	static	A
match_verbosePrintsInterval	60	0x2	DEVELOPMENTONLY	1	0	static	A
match_visiblePlaylists		0x2002	DEVELOPMENTONLY|REPLICATED	0	0	static	A
matchmake_from_match_enabled	1	0x2002	DEVELOPMENTONLY|REPLICATED	0	0	static	A
matchmaking_hostname		0x80020	PROTECTED|ARCHIVE_XBOX	1	0	static	A
max_bounces_to_allow_extra_bounce	2	0x2002	DEVELOPMENTONLY|REPLICATED	1	0	static	A
max_explosive_damage_mass	100	0x2002	DEVELOPMENTONLY|REPLICATED	0	0	static	A
max_explosive_damage_velocity	200	0x2002	DEVELOPMENTONLY|REPLICATED	0	0	static	A
max_tweak_shadow_updates	8	0x2	DEVELOPMENTONLY	1	0	static	A
melee_aim_assist_can_lock_pitch	0	0x2002	DEVELOPMENTONLY|REPLICATED	1	0	static	A
melee_aim_assist_use_target_velocity	0	0x2002	DEVELOPMENTONLY|REPLICATED	1	0	static	A
melee_attack_trace_can_use_lunge_distance	0.5	0x2002	DEVELOPMENTONLY|REPLICATED	1	0	static	A
melee_cone_trace_box_check	0.5	0x2002	DEVELOPMENTONLY|REPLICATED	1	0	static	A
melee_lunge_abort_distance	0.25	0x2002	DEVELOPMENTONLY|REPLICATED	1	0	static	A
melee_lunge_abort_if_blocked	1	0x2002	DEVELOPMENTONLY|REPLICATED	1	0	static	A
melee_lunge_adjust_trace_distance	0	0x2002	DEVELOPMENTONLY|REPLICATED	1	0	static	A
melee_lunge_align_eye_position	1	0x2002	DEVELOPMENTONLY|REPLICATED	1	0	static	A
melee_lunge_debugDraw	0	0x2002	DEVELOPMENTONLY|REPLICATED	1	0	static	A
melee_lunge_dot_check	1	0x2002	DEVELOPMENTONLY|REPLICATED	1	0	static	A
melee_lunge_force_enable_flying	1	0x2002	DEVELOPMENTONLY|REPLICATED	1	0	static	A
melee_lunge_lag_compensate_target	1	0x2002	DEVELOPMENTONLY|REPLICATED	1	0	static	A
melee_lunge_no_melee_custom_range_fallback	1	0x2002	DEVELOPMENTONLY|REPLICATED	1	0	static	A
melee_lunge_no_melee_custom_range_fallback_value	0.0	0x2002	DEVELOPMENTONLY|REPLICATED	1	0	static	A
melee_lunge_scale_by_speed	2.0	0x2002	DEVELOPMENTONLY|REPLICATED	1	0	static	A
melee_lunge_slide	1	0x2002	DEVELOPMENTONLY|REPLICATED	1	0	static	A
melee_lunge_use_closest_distance_between_cylinders	1	0x2002	DEVELOPMENTONLY|REPLICATED	1	0	static	A
melee_lunge_use_command_time	1	0x2002	DEVELOPMENTONLY|REPLICATED	1	0	static	A
melee_queue_attack_anim_event	1	0x2002	DEVELOPMENTONLY|REPLICATED	1	0	static	A
melee_script_trace_player_movement_col_group	1	0x2002	DEVELOPMENTONLY|REPLICATED	0	0	static	A
mem_dumpstats	0	0x2	DEVELOPMENTONLY	0	0	static	A
mem_incremental_compact_rate	.1	0x4000	CHEAT	1	1	static	A
mem_level	2	0x2	DEVELOPMENTONLY	0	0	static	A
mem_rolling_incremental_compaction	1	0x4000	CHEAT	1	1	static	A
mem_runheapchecks	0	0x2	DEVELOPMENTONLY	0	0	static	A
mem_saving_release_mb	40	0x80000	ARCHIVE_XBOX	1	0	static	A
mem_saving_request_mb	20	0x80000	ARCHIVE_XBOX	1	0	static	A
mem_saving_trigger_mb	10	0x80000	ARCHIVE_XBOX	1	0	static	A
mem_saving_use_factor	10	0x80000	ARCHIVE_XBOX	1	0	static	A
mem_saving_vram_release_mb	512	0x40000000	NO_MIN_MAX_CHECK	1	0	static	A
mem_saving_vram_request_mb	20	0x40000000	NO_MIN_MAX_CHECK	1	0	static	A
mem_saving_vram_trigger_mb	256	0x40000000	NO_MIN_MAX_CHECK	1	0	static	A
mem_test_each_frame	0	0x2	DEVELOPMENTONLY	1	0	static	A
mem_test_every_n_seconds	0	0x2	DEVELOPMENTONLY	0	0	static	A
mem_test_quiet	0	0x2	DEVELOPMENTONLY	1	0	static	A
menu_was_multiplayer_played_last	0	0x1000000	SCRIPTS_ONLY	0	0	static	A
metric_recent_period	5	0x2	DEVELOPMENTONLY	1	0	static	A
metric_update_interval	1	0x2	DEVELOPMENTONLY	1	0	static	A
metrichttp_enabled	0	0x2	DEVELOPMENTONLY	1	0	static	A
metrichttp_max_pending_http_requests	300	0x2	DEVELOPMENTONLY	1	0	static	A
metrichttp_reset_on_level_shutdown	1	0x2	DEVELOPMENTONLY	0	0	static	A
metricmanagernet_enabled	0	0x2	DEVELOPMENTONLY	1	0	static	A
metricmanagernet_reset_on_level_shutdown	1	0x2	DEVELOPMENTONLY	0	0	static	A
metricmanagernet_update_interval	0.25	0x2	DEVELOPMENTONLY	1	0	static	A
micro_event_enabled	0	0x2002	DEVELOPMENTONLY|REPLICATED	0	0	static	A
migrate_attempt_interval	2.5	0x2	DEVELOPMENTONLY	1	0	static	A
migrate_attempt_max_retries	5	0x2	DEVELOPMENTONLY	1	0	static	A
miles_actor_update_min_facing	0.01	0x2	DEVELOPMENTONLY	1	0	static	A
miles_adsScaleSprint	1.1	0x2	DEVELOPMENTONLY	1	0	static	A
miles_advox_subtitles_angle	90	0x2	DEVELOPMENTONLY	0	0	static	A
miles_advox_subtitles_maxdist	 1000	0x2	DEVELOPMENTONLY	0	0	static	A
miles_bankpaging	1	0x2	DEVELOPMENTONLY	1	0	static	A
miles_cache_size	32	0x2	DEVELOPMENTONLY	1	0	static	A
miles_channels	0	0x80	ARCHIVE	1	0	static	A
miles_channels_menuoption	1	0x2	DEVELOPMENTONLY	0	0	static	A
miles_channels_menuoption_headphones	0	0x2	DEVELOPMENTONLY	1	0	static	A
miles_channels_menuoption_mono	1	0x2	DEVELOPMENTONLY	1	0	static	A
miles_client_enable_radius_culling	1	0x2	DEVELOPMENTONLY	1	0	static	A2
miles_devnet_screenshot_attach_dump	0	0x2	DEVELOPMENTONLY	0	0	static	A
miles_devnet_screenshot_attach_samples	0	0x2	DEVELOPMENTONLY	0	0	static	A
miles_driver_mix_mode	0	0x2	DEVELOPMENTONLY	1	0	static	A
miles_dumpuploadtime	0	0x80	ARCHIVE	1	0	static	A
miles_error_counter_data_error_threshold	0	0x2	DEVELOPMENTONLY	1	0	static	A
miles_error_counter_display	1	0x2	DEVELOPMENTONLY	1	0	static	A2
miles_error_counter_limits_error_threshold	-1	0x2	DEVELOPMENTONLY	1	0	static	A
miles_error_counter_starvation_error_threshold	0	0x2	DEVELOPMENTONLY	1	0	static	A
miles_evtnamesindumps	1	0x2	DEVELOPMENTONLY	0	0	static	A
miles_flip_active_window_logic	0	0x2002	DEVELOPMENTONLY|REPLICATED	1	0	static	A2
miles_force_min_rpm	0	0x2	DEVELOPMENTONLY	1	0	static	A
miles_freeze	0	0x2	DEVELOPMENTONLY	1	0	static	A2
miles_ignore_timescale_ignores_stop	1	0x2	DEVELOPMENTONLY	1	0	static	A
miles_importancevol	-1	0x2	DEVELOPMENTONLY	1	0	static	A
miles_importancevol_factor	1	0x2	DEVELOPMENTONLY	1	0	static	A
miles_importancevol_pow	1	0x2	DEVELOPMENTONLY	1	0	static	A
miles_init_null_fallback	1	0x80000	ARCHIVE_XBOX	1	0	static	A
miles_initial_occlusion_delay	0	0x2	DEVELOPMENTONLY	1	0	static	A
miles_job_scheduler_thread			(動的登録: 既定値は静的取得不可)	1	0	dynamic	C
miles_language		0x80000	ARCHIVE_XBOX	1	0	static	A
miles_language_statsd	1	0x2	DEVELOPMENTONLY	1	0	static	A
miles_lfe_lowpass_hz	120	0x2	DEVELOPMENTONLY	1	0	static	A
miles_lfe_lowpass_iterations	4	0x2	DEVELOPMENTONLY	1	0	static	A
miles_link_dist_start	0	0x2	DEVELOPMENTONLY	1	0	static	A
miles_link_dist_stop	800	0x2	DEVELOPMENTONLY	1	0	static	A
miles_link_emitter_dot_start	0.2	0x2	DEVELOPMENTONLY	1	0	static	A
miles_link_emitter_dot_stop	0.0	0x2	DEVELOPMENTONLY	1	0	static	A
miles_link_emitter_strict	1	0x2	DEVELOPMENTONLY	1	0	static	A2
miles_link_generation	1	0x2	DEVELOPMENTONLY	1	0	static	A2
miles_link_occlusion_emitter_factor	1.1	0x2	DEVELOPMENTONLY	1	0	static	A
miles_link_occlusion_emitter_pow	0.2	0x2	DEVELOPMENTONLY	1	0	static	A
miles_link_occlusion_listener_factor	1.1	0x2	DEVELOPMENTONLY	1	0	static	A
miles_link_occlusion_listener_pow	0.2	0x2	DEVELOPMENTONLY	1	0	static	A
miles_link_onlysamefloor	1	0x2	DEVELOPMENTONLY	1	0	static	A2
miles_link_open_factor	0.007	0x2	DEVELOPMENTONLY	1	0	static	A
miles_link_open_pow	0.87	0x2	DEVELOPMENTONLY	1	0	static	A
miles_link_transitionPoint_1pTailSwitch	0.2	0x2	DEVELOPMENTONLY	1	0	static	A
miles_link_transitionPoint_3pTailSwitch	0.2	0x2	DEVELOPMENTONLY	1	0	static	A
miles_link_transitionPoint_convolutionPreset	0.5	0x2	DEVELOPMENTONLY	1	0	static	A
miles_link_transitionPoint_suffix	0.45	0x2	DEVELOPMENTONLY	1	0	static	A
miles_listener_freeze	0	0x2	DEVELOPMENTONLY	1	0	static	A2
miles_listener_soundscape_roof_iter_count	4	0x2	DEVELOPMENTONLY	1	0	static	A2
miles_listener_soundscape_roof_min_z_separation	15.0	0x2	DEVELOPMENTONLY	1	0	static	A2
miles_listener_soundscape_roof_offset	-46.0	0x2	DEVELOPMENTONLY	1	0	static	A2
miles_listener_soundscape_roof_overhang_enable	1	0x2	DEVELOPMENTONLY	1	0	static	A2
miles_listener_update_always	0	0x2	DEVELOPMENTONLY	1	0	static	A
miles_listener_update_min_angle	.0005	0x2	DEVELOPMENTONLY	1	0	static	A
miles_load_lang_sources	1	0x2	DEVELOPMENTONLY	1	0	static	A
miles_mbcompress	1	0x2	DEVELOPMENTONLY	1	0	static	A
miles_metrics_ftsp	1	0x2	DEVELOPMENTONLY	1	0	static	A2
miles_metrics_ftsp_daywindow	4	0x2	DEVELOPMENTONLY	1	0	static	A
miles_metrics_ftsp_perfcharts	1	0x2	DEVELOPMENTONLY	1	0	static	A
miles_metrics_ftsp_radius	500	0x2	DEVELOPMENTONLY	1	0	static	A2
miles_mix	1	0x1000000	SCRIPTS_ONLY	1	0	static	A
miles_mix_menuoption	1	0x2	DEVELOPMENTONLY	0	0	static	A
miles_mixahead	60	0x2	DEVELOPMENTONLY	1	0	static	A
miles_mixahead_highpri	60	0x2	DEVELOPMENTONLY	1	0	static	A
miles_mixahead_wasapi	40	0x2	DEVELOPMENTONLY	1	0	static	A
miles_nopandist	10	0x2	DEVELOPMENTONLY	1	0	static	A
miles_occlusion	1	0x2	DEVELOPMENTONLY	1	0	static	A2
miles_occlusion_blocked_by_contents_playerclip	0	0x2	DEVELOPMENTONLY	1	0	static	A
miles_occlusion_endpoints_slim	1	0x2	DEVELOPMENTONLY	1	0	static	A
miles_occlusion_floor_additive	0	0x2	DEVELOPMENTONLY	1	0	static	A2
miles_occlusion_force	-1	0x2	DEVELOPMENTONLY	1	0	static	A
miles_occlusion_minendpenetration	8	0x2	DEVELOPMENTONLY	1	0	static	A
miles_occlusion_minpenetration	0	0x2	DEVELOPMENTONLY	1	0	static	A
miles_occlusion_partial	1	0x2	DEVELOPMENTONLY	1	0	static	A2
miles_output_device		0x80	ARCHIVE	1	0	static	A2
miles_parallel_csom_cache	1	0x2	DEVELOPMENTONLY	1	0	static	A
miles_radius_cull_fudge_factor_speed	2.0	0x2	DEVELOPMENTONLY	1	0	static	A2
miles_recreate_on_default_changed	1	0x80000	ARCHIVE_XBOX	1	0	static	A
miles_render_dir		0x2	DEVELOPMENTONLY	0	0	static	A
miles_replay_transition_enable_early_cleanup	1	0x2002	DEVELOPMENTONLY|REPLICATED	1	0	static	A
miles_samplerate	0	0x2	DEVELOPMENTONLY	1	0	static	A2
miles_samples_dither	1	0x2	DEVELOPMENTONLY	1	0	static	A2
miles_samples_folddown	0	0x2	DEVELOPMENTONLY	1	0	static	A2
miles_samples_noise_shape	0	0x2	DEVELOPMENTONLY	1	0	static	A2
miles_scale_floor_occlusion	1.0	0x2	DEVELOPMENTONLY	1	0	static	A
miles_scale_soundscape_occlusion	1.0	0x2	DEVELOPMENTONLY	1	0	static	A
miles_scale_unadjusted_occlusion	1.0	0x2	DEVELOPMENTONLY	1	0	static	A
miles_send_csom_telemetry	1	0x2	DEVELOPMENTONLY	1	0	static	A
miles_server_sounds_print	0	0x2	DEVELOPMENTONLY	0	0	static	A
miles_sitrep	1	0x2	DEVELOPMENTONLY	1	0	static	A
miles_sitrep_cadence	10000	0x2	DEVELOPMENTONLY	1	0	static	A
miles_sitrep_forceupload	0	0x2	DEVELOPMENTONLY	1	0	static	A
miles_sitrep_forceupload_uniquenames	1	0x2	DEVELOPMENTONLY	1	0	static	A
miles_sitrep_pin	1	0x2	DEVELOPMENTONLY	1	0	static	A
miles_sitrep_thres_count	180	0x2	DEVELOPMENTONLY	1	0	static	A
miles_sitrep_uploadthres			(動的登録: 既定値は静的取得不可)	1	0	dynamic	C
miles_sitrep_window_begin	61200	0x2	DEVELOPMENTONLY	1	0	static	A
miles_sitrep_window_end	82800	0x2	DEVELOPMENTONLY	1	0	static	A
miles_soundscape_floor_updates	1	0x2	DEVELOPMENTONLY	1	0	static	A2
miles_soundscape_imgui	0	0x2	DEVELOPMENTONLY	0	0	static	A2
miles_soundscape_skipfloors	1	0x2	DEVELOPMENTONLY	1	0	static	A2
miles_soundscape_skipfloors_distance	0.0	0x2	DEVELOPMENTONLY	1	0	static	A2
miles_soundscape_skipfloors_offset	0.0	0x2	DEVELOPMENTONLY	1	0	static	A2
miles_spatialize_channelPan_factor	1	0x2	DEVELOPMENTONLY	1	0	static	A
miles_spatialize_fovscalefactor	1	0x2	DEVELOPMENTONLY	1	0	static	A
miles_spatialize_front_degrees	45.0	0x2	DEVELOPMENTONLY	1	0	static	A
miles_spatialize_front_use_view_fov	0	0x2	DEVELOPMENTONLY	1	0	static	A2
miles_spatialize_height_degrees	80.0	0x2	DEVELOPMENTONLY	1	0	static	A
miles_spatialize_height_front_degrees	20.0	0x2	DEVELOPMENTONLY	1	0	static	A
miles_spatialize_offplane_strength	0.4	0x2	DEVELOPMENTONLY	1	0	static	A
miles_spatialize_on	1	0x2	DEVELOPMENTONLY	1	0	static	A2
miles_spatialize_rear_degrees	120.0	0x2	DEVELOPMENTONLY	1	0	static	A
miles_spatialize_spread_factor	1	0x2	DEVELOPMENTONLY	1	0	static	A
miles_suffixes	1	0x2	DEVELOPMENTONLY	1	0	static	A2
miles_test_sitrep	0	0x2	DEVELOPMENTONLY	1	0	static	A
miles_threatviz	1	0x2	DEVELOPMENTONLY	1	0	static	A
miles_timescale_rate_factor	1.4	0x2	DEVELOPMENTONLY	1	0	static	A2
miles_ui_sounds_survive_replay_transitions	1	0x2	DEVELOPMENTONLY	1	0	static	A
miles_voice_buffer_ms	80	0x2	DEVELOPMENTONLY	1	0	static	A
miles_voice_max_age_ms	160	0x2	DEVELOPMENTONLY	1	0	static	A
miles_voice_part_ms	10	0x2	DEVELOPMENTONLY	1	0	static	A
miles_voice_warning	0	0x2	DEVELOPMENTONLY	1	0	static	A
miles_voice_warning_hipri	30	0x2	DEVELOPMENTONLY	1	0	static	A
miles_voice_warning_icon_display_time	2.0	0x2	DEVELOPMENTONLY	1	0	static	A
miles_voicelimit_factor	1	0x2	DEVELOPMENTONLY	1	0	static	A
miles_wallRunIsSprint	1	0x2	DEVELOPMENTONLY	1	0	static	A
min_explosive_damage_mass	20	0x2002	DEVELOPMENTONLY|REPLICATED	0	0	static	A
mirror_main_scene	0	0x2002	DEVELOPMENTONLY|REPLICATED	1	0	static	A
misprediction_stuck_report_time	8	0x2	DEVELOPMENTONLY	1	0	static	A
missile_default_speed	2500	0x2002	DEVELOPMENTONLY|REPLICATED	1	0	static	A
missile_homing_speed	150	0x2002	DEVELOPMENTONLY|REPLICATED	1	0	static	A
mod_irradiance_volume_quality	0	0x40000000	NO_MIN_MAX_CHECK	1	0	static	A
model_animFadeEndScale	0.6	0x2	DEVELOPMENTONLY	1	0	static	A
model_animFadeMinDistSqBias	0.15	0x2	DEVELOPMENTONLY	1	0	static	A
model_animFadeStartScale	0.25	0x2	DEVELOPMENTONLY	1	0	static	A
model_defaultFadeDistMin	400	0x4000	CHEAT	1	1	static	A
model_defaultFadeDistScale	40	0x4000	CHEAT	1	1	static	A
model_fadeRangeFraction	0.1	0x4000	CHEAT	1	1	static	A
model_fadeRangeFractionNear	0.9	0x4000	CHEAT	1	1	static	A
modelswap_allow_anim_continuation	1	0x2002	DEVELOPMENTONLY|REPLICATED	1	0	static	A
monitor_cc	1	0x2	DEVELOPMENTONLY	1	0	static	A
monitor_mat_sharpen_amount	2.0	0x2	DEVELOPMENTONLY	1	0	static	A
monitor_postfx	1	0x2	DEVELOPMENTONLY	1	0	static	A
monitor_rui_world_enabled	0	0x2	DEVELOPMENTONLY	1	0	static	A
monitor_snapshot_frame_delay	20	0x2	DEVELOPMENTONLY	1	0	static	A
monitor_zfar_default	642	0x2	DEVELOPMENTONLY	1	0	static	A
monitor_zfar_override	0	0x2	DEVELOPMENTONLY	1	0	static	A
monitor_zfar_override_enabled	0	0x2	DEVELOPMENTONLY	1	0	static	A
mouse_sensitivity	5	0x80	ARCHIVE	1	0	static	A
mouse_use_per_scope_sensitivity_scalars	0	0x80	ARCHIVE	1	0	static	A
mouse_zoomed_sensitivity_scalar_0	1.0	0x80	ARCHIVE	1	0	static	A2
mouse_zoomed_sensitivity_scalar_1	1.0	0x80	ARCHIVE	0	0	static	A2
mouse_zoomed_sensitivity_scalar_2	1.0	0x80	ARCHIVE	0	0	static	A2
mouse_zoomed_sensitivity_scalar_3	1.0	0x80	ARCHIVE	1	0	static	A2
mouse_zoomed_sensitivity_scalar_4	1.0	0x80	ARCHIVE	1	0	static	A2
mouse_zoomed_sensitivity_scalar_5	1.0	0x80	ARCHIVE	1	0	static	A2
mouse_zoomed_sensitivity_scalar_6	1.0	0x80	ARCHIVE	1	0	static	A2
mouse_zoomed_sensitivity_scalar_7	1.0	0x80	ARCHIVE	1	0	static	A2
move_one_cmd_per_client_frame	1	0x2002	DEVELOPMENTONLY|REPLICATED	1	0	static	A
movement_anim_downed_playback_maxrate	2.5	0x2002	DEVELOPMENTONLY|REPLICATED	1	0	static	A
movement_anim_playback_maxrate	10	0x2002	DEVELOPMENTONLY|REPLICATED	1	0	static	A
movement_anim_playback_minrate	0.25	0x2002	DEVELOPMENTONLY|REPLICATED	1	0	static	A
movement_anim_sprint_playback_maxrate	1.25	0x2002	DEVELOPMENTONLY|REPLICATED	1	0	static	A
mp_accountLink_requestInterval	3	0x2	DEVELOPMENTONLY	1	0	static	A
mp_allowed	-1	0x2	DEVELOPMENTONLY	1	0	static	A
mp_bodyyawrate	400	0x2002	DEVELOPMENTONLY|REPLICATED	0	0	static	A
mp_countRRNobodyAsLobby	0	0x2	DEVELOPMENTONLY	1	0	static	A
mp_disconnect_multipleLoginLobby	1	0x2	DEVELOPMENTONLY	1	0	static	A
mp_enablematchending	1	0x2002	DEVELOPMENTONLY|REPLICATED	1	0	static	A
mp_enabletimelimit	1	0x2002	DEVELOPMENTONLY|REPLICATED	1	0	static	A
mp_gamemode		0x12002	DEVELOPMENTONLY|REPLICATED|DEMO	1	0	static	A
mp_linkingAccountTime	0	0x2	DEVELOPMENTONLY	1	0	static	A
mp_linkingAccountWindow	300	0x2	DEVELOPMENTONLY	1	0	static	A
mp_maxbodyyaw	60	0x2002	DEVELOPMENTONLY|REPLICATED	1	0	static	A
mp_permission_requestInterval	30	0x2	DEVELOPMENTONLY	1	0	static	A
mp_permission_rerequestInterval	21600	0x2	DEVELOPMENTONLY	1	0	static	A
mp_player_level	0	0x1000000	SCRIPTS_ONLY	0	0	static	A
mp_scaleAnimationSpeeds	1	0x2002	DEVELOPMENTONLY|REPLICATED	1	0	static	A
mp_showgestureslots	-1	0x6002	DEVELOPMENTONLY|REPLICATED|CHEAT	0	1	static	A
mtx_BPLevelDefaultPrice	150	0x2002	DEVELOPMENTONLY|REPLICATED	0	0	static	A
mtx_allowPersistenceBadgeConversion	1	0x2	DEVELOPMENTONLY	0	0	static	A
mtx_allow_pending_grants_for_item_ownership	1	0x2002	DEVELOPMENTONLY|REPLICATED	0	0	static	A
mtx_battlepassGiftingEnabled	1	0x2002	DEVELOPMENTONLY|REPLICATED	0	0	static	A
mtx_bonus_meter_enabled	1	0x2002	DEVELOPMENTONLY|REPLICATED	0	0	static	A
mtx_clawBackBattlePass	1	0x2	DEVELOPMENTONLY	0	0	static	A
mtx_containerExpireAfterDays	30	0x2002	DEVELOPMENTONLY|REPLICATED	0	0	static	A
mtx_deathbox_aura_enabled	0	0x2002	DEVELOPMENTONLY|REPLICATED	0	0	static	A
mtx_digital_garments_enabled	1	0x2002	DEVELOPMENTONLY|REPLICATED	0	0	static	A
mtx_dynamic_store_config_filename		0x2002	DEVELOPMENTONLY|REPLICATED	1	0	static	A
mtx_dynamic_store_info_enabled	1	0x2002	DEVELOPMENTONLY|REPLICATED	1	0	static	A
mtx_first_time_ac_bonus_enabled	1	0x2002	DEVELOPMENTONLY|REPLICATED	0	0	static	A
mtx_forceSendEntireInventoryDataBitfield	0	0x2	DEVELOPMENTONLY	0	0	static	A
mtx_generatePartyDediConnectRprof	0	0x2	DEVELOPMENTONLY	0	0	static	A
mtx_getGlobalDiscountsEnabled	0	0x2	DEVELOPMENTONLY	0	0	static	A
mtx_getGlobalDiscountsMaxRetries	1	0x2	DEVELOPMENTONLY	0	0	static	A
mtx_get_pack_preview_enabled	1	0x2002	DEVELOPMENTONLY|REPLICATED	0	0	static	A
mtx_get_smart_merchandising_data_enabled	1	0x2	DEVELOPMENTONLY	0	0	static	A
mtx_get_user_segment_for_untrusted_players_enabled	1	0x2	DEVELOPMENTONLY	0	0	static	A
mtx_get_user_segment_for_untrusted_players_max_retries	1	0x2	DEVELOPMENTONLY	0	0	static	A
mtx_giftingEnabled	1	0x2002	DEVELOPMENTONLY|REPLICATED	0	0	static	A
mtx_giftingForce2FA	0	0x2002	DEVELOPMENTONLY|REPLICATED	0	0	static	A
mtx_giftingLimit	5	0x2002	DEVELOPMENTONLY|REPLICATED	0	0	static	A
mtx_giftingMinAccountLevel	50	0x2002	DEVELOPMENTONLY|REPLICATED	0	0	static	A
mtx_giftingMinFriendshipInDays	14	0x2002	DEVELOPMENTONLY|REPLICATED	0	0	static	A
mtx_gifting_notifications_enabled	1	0x2	DEVELOPMENTONLY	1	0	static	A
mtx_inventoryReadyCheckTimeSeconds	30	0x2	DEVELOPMENTONLY	0	0	static	A
mtx_log_level	2	0x2002	DEVELOPMENTONLY|REPLICATED	0	0	static	A
mtx_mass_pack_opening_enabled	1	0x2002	DEVELOPMENTONLY|REPLICATED	0	0	static	A
mtx_mass_pack_opening_max_packs_to_open	50	0x2002	DEVELOPMENTONLY|REPLICATED	0	0	static	A
mtx_mass_pack_opening_max_wishlist_packs_to_open	25	0x2002	DEVELOPMENTONLY|REPLICATED	0	0	static	A
mtx_numInventoryItemsSendItemIndicesCutoff	750	0x2	DEVELOPMENTONLY	0	0	static	A
mtx_nx_end_of_service_warning	1	0x2002	DEVELOPMENTONLY|REPLICATED	1	0	static	A
mtx_old_twitch_drops_flow_enabled	1	0x2	DEVELOPMENTONLY	0	0	static	A
mtx_pack_upgrade_enabled	1	0x2002	DEVELOPMENTONLY|REPLICATED	0	0	static	A
mtx_progression_modifier_dev_boosts_enabled	0	0x2002	DEVELOPMENTONLY|REPLICATED	0	0	static	A
mtx_purchaseBPLevelsWithLegendTokensEnabled	0	0x2002	DEVELOPMENTONLY|REPLICATED	0	0	static	A
mtx_purchaseBPLevelsWithLegendTokensEndDaysOffset	10	0x2002	DEVELOPMENTONLY|REPLICATED	0	0	static	A
mtx_purchaseBPLevelsWithLegendTokensLimit	20	0x2002	DEVELOPMENTONLY|REPLICATED	0	0	static	A
mtx_purchaseBPLevelsWithLegendTokensMinLevel	1	0x2002	DEVELOPMENTONLY|REPLICATED	0	0	static	A
mtx_purchaseBPLevelsWithLegendTokensStartDaysOffset	10	0x2002	DEVELOPMENTONLY|REPLICATED	0	0	static	A
mtx_recommendations_cache_max_age_seconds	604800	0x2	DEVELOPMENTONLY	1	0	static	A
mtx_recommendations_enabled	0	0x2	DEVELOPMENTONLY	1	0	static	A
mtx_recommendations_retries	1	0x2	DEVELOPMENTONLY	1	0	static	A
mtx_recommendations_shop_ordering_cache_enabled	1	0x2	DEVELOPMENTONLY	1	0	static	A
mtx_rewardSummarySequenceDumpRProf	0	0x2	DEVELOPMENTONLY	0	0	static	A
mtx_rewardSummarySequenceEnabled	1	0x2	DEVELOPMENTONLY	0	0	static	A
mtx_scriptProcessNewOfferInIncrementalUpdate	1	0x2	DEVELOPMENTONLY	0	0	static	A
mtx_segment_matching_int_endpoint	segmentation-service-int.data.ea.com	0x2	DEVELOPMENTONLY	0	0	static	A
mtx_segment_matching_prod_endpoint	segmentation-service-apex.data.ea.com	0x2	DEVELOPMENTONLY	0	0	static	A
mtx_sendInventoryOptimizationPinEventThreshold	-1	0x2	DEVELOPMENTONLY	0	0	static	A
mtx_shopPersonalizationEnabled	1	0x2002	DEVELOPMENTONLY|REPLICATED	1	0	static	A
mtx_showDebugTime	0	0x80000	ARCHIVE_XBOX	0	0	static	A
mtx_showEarnedRewards	1	0x2	DEVELOPMENTONLY	0	0	static	A
mtx_svEdition	3010	0x2002	DEVELOPMENTONLY|REPLICATED	0	0	static	A
mtx_targeted_ads_integration_segment_id	63723	0x2	DEVELOPMENTONLY	0	0	static	A
mtx_targeted_ads_production_segment_id	63726	0x2	DEVELOPMENTONLY	0	0	static	A
mtx_telem_OnDemandContainer	0	0x2	DEVELOPMENTONLY	0	0	static	A
mtx_trackAutoOperationFailures	1	0x2	DEVELOPMENTONLY	0	0	static	A
mtx_trackQueryGoalFailures	1	0x2	DEVELOPMENTONLY	0	0	static	A
mtx_trigger_message_enabled	0	0x2002	DEVELOPMENTONLY|REPLICATED	0	0	static	A
mtx_untrusted_players_integration_segment_id	61031	0x2002	DEVELOPMENTONLY|REPLICATED	0	0	static	A
mtx_untrusted_players_production_segment_id	61030	0x2002	DEVELOPMENTONLY|REPLICATED	0	0	static	A
mtx_useClientContainersForEntitlementNotification	1	0x2002	DEVELOPMENTONLY|REPLICATED	0	0	static	A
mtx_useMarketplaceLocalization	1	0x2	DEVELOPMENTONLY	0	0	static	A
mtx_use_entity	0	0x2002	DEVELOPMENTONLY|REPLICATED	1	0	static	A
mtx_userInfo_assertOnMatchAccess	1	0x2002	DEVELOPMENTONLY|REPLICATED	0	0	static	A
mtx_userInfo_canQueue	1	0x2	DEVELOPMENTONLY	0	0	static	A
mtx_userInfo_matchDedisHaveUserInfo	0	0x2002	DEVELOPMENTONLY|REPLICATED	0	0	static	A
mtx_userInfo_maxDelay	10	0x2	DEVELOPMENTONLY	0	0	static	A
mtx_userInfo_sendInMatch	0	0x2	DEVELOPMENTONLY	0	0	static	A
mtx_wishlist_enabled	1	0x2002	DEVELOPMENTONLY|REPLICATED	0	0	static	A
mtx_wishlist_seeding_debug_enabled	0	0x2	DEVELOPMENTONLY	0	0	static	A
mtx_writeContainersInUserInfo	1	0x2002	DEVELOPMENTONLY|REPLICATED	0	0	static	A
multiplay_ip		0x22	DEVELOPMENTONLY|PROTECTED	1	0	static	A
multiplay_serverid		0x2002	DEVELOPMENTONLY|REPLICATED	1	0	static	A
multiplayer_animstate_duck_fraction_threshold	0.2	0x2002	DEVELOPMENTONLY|REPLICATED	1	0	static	A
muteWeaponSounds	0	0x2002	DEVELOPMENTONLY|REPLICATED	1	0	static	A
name	unnamed	0x480	ARCHIVE|PRINTABLEONLY	1	0	static	A
nemesis_use_looping_sound	0	0x2002	DEVELOPMENTONLY|REPLICATED	1	0	static	A
net_RunInvalidatePhysics	0	0x2	DEVELOPMENTONLY	1	0	static	A
net_async_sendto	0	0x2	DEVELOPMENTONLY	0	0	static	A
net_autoUnthrottle	0	0x2	DEVELOPMENTONLY	1	0	static	A
net_bindToSpecificAddress	0	0x80000	ARCHIVE_XBOX	0	0	static	A
net_blockmsg	0	0x4000	CHEAT	0	1	static	A
net_chokeloop	1	0x2	DEVELOPMENTONLY	1	0	static	A
net_clearReliableDataOnReset	0	0x2	DEVELOPMENTONLY	1	0	static	A
net_client_side_weapon_animations	1	0x2002	DEVELOPMENTONLY|REPLICATED	0	0	static	A
net_compressAlgorithm	9	0x2	DEVELOPMENTONLY	1	0	static	A
net_compressAlgorithmOptim	4	0x2	DEVELOPMENTONLY	1	0	static	A
net_compressDataBlock	1	0x2	DEVELOPMENTONLY	1	0	static	A
net_createUndoDeltas	1	0x2	DEVELOPMENTONLY	1	0	static	A
net_dataRate	256000	0x2	DEVELOPMENTONLY	1	0	static	A
net_dataRateCL	128000	0x2	DEVELOPMENTONLY	1	0	static	A
net_dataRateDev	81920	0x2	DEVELOPMENTONLY	0	0	static	A
net_dataRateDev_enabled	1	0x2	DEVELOPMENTONLY	0	0	static	A
net_data_block_enabled	1	0x2002	DEVELOPMENTONLY|REPLICATED	1	0	static	A
net_datablock_debugReceiver	0	0x2	DEVELOPMENTONLY	1	0	static	A
net_datablock_debugSender	0	0x2	DEVELOPMENTONLY	1	0	static	A
net_datablock_dumpBlocks	0	0x2	DEVELOPMENTONLY	0	0	static	A
net_datablock_dumpMsg		0x2	DEVELOPMENTONLY	0	0	static	A
net_datablock_dumpOnlyRealClients	1	0x2	DEVELOPMENTONLY	0	0	static	A
net_datablock_fastRate	128000	0x2	DEVELOPMENTONLY	1	0	static	A
net_datablock_longSendTime	10	0x2	DEVELOPMENTONLY	1	0	static	A
net_datablock_minResendInterval	0.1	0x2	DEVELOPMENTONLY	1	0	static	A
net_datablock_networkLossForSlowSpeed	0.1	0x2	DEVELOPMENTONLY	1	0	static	A
net_datablock_printSummaries	1	0x2	DEVELOPMENTONLY	0	0	static	A
net_datablock_qos_budgetRollover	0	0x2	DEVELOPMENTONLY	1	0	static	A
net_datablock_qos_enabled	1	0x2	DEVELOPMENTONLY	1	0	static	A
net_datablock_qos_rateMax	1048576	0x2	DEVELOPMENTONLY	1	0	static	A
net_datablock_qos_rateMin	20480	0x2	DEVELOPMENTONLY	1	0	static	A
net_datablock_resendRateForSlowSpeed	3	0x2	DEVELOPMENTONLY	1	0	static	A
net_datablock_slowRate	64000	0x2	DEVELOPMENTONLY	1	0	static	A
net_deltaFieldEntityBlockSize	5	0x2	DEVELOPMENTONLY	1	0	static	A
net_dumpChangesPrecise	0	0x2	DEVELOPMENTONLY	0	0	static	A
net_encrypt_copyCtx	1	0x22	DEVELOPMENTONLY|PROTECTED	1	0	static	A
net_encrypt_debug	0	0x22	DEVELOPMENTONLY|PROTECTED	1	0	static	A
net_encrypt_dtls	1	0x22	DEVELOPMENTONLY|PROTECTED	1	0	static	A
net_encrypt_dtls_hkdf	1	0x22	DEVELOPMENTONLY|PROTECTED	1	0	static	A
net_encrypt_dtls_time	3	0x22	DEVELOPMENTONLY|PROTECTED	1	0	static	A
net_encrypt_multiKey	1	0x22	DEVELOPMENTONLY|PROTECTED	1	0	static	A
net_forceUnnecessaryUndoDeltas	0	0x2	DEVELOPMENTONLY	0	0	static	A
net_forcetimeout	0	0x4000	CHEAT	1	1	static	A
net_highPacketLatencyThreshold	0.200	0x2	DEVELOPMENTONLY	1	0	static	A
net_highPacketLossThreshold	0.05	0x2	DEVELOPMENTONLY	1	0	static	A
net_ignoreAllSnapshots	0	0x2	DEVELOPMENTONLY	1	0	static	A
net_largeSnapshotThreshold	15000	0x2	DEVELOPMENTONLY	0	0	static	A
net_lerpFields	1	0x2	DEVELOPMENTONLY	1	0	static	A
net_maxAccumulatedClearTimeBalance	0.5	0x2	DEVELOPMENTONLY	1	0	static	A
net_maxRecvCall	1000	0x80000	ARCHIVE_XBOX	1	0	static	A
net_maxRecvPacket	10000	0x80000	ARCHIVE_XBOX	1	0	static	A
net_maxcleartime	4.0	0x2	DEVELOPMENTONLY	1	0	static	A
net_minConnectionTimeForSpam	10	0x2	DEVELOPMENTONLY	0	0	static	A
net_minResetIdleTimerInterval	10	0x2	DEVELOPMENTONLY	1	0	static	A
net_minimumPacketLossDC	100	0x200	USERINFO	1	0	static	A
net_netGraph2	0	0x41080000	ARCHIVE_XBOX|SCRIPTS_ONLY|NO_MIN_MAX_CHECK	0	0	static	A
net_noPostDataForDeletedEnts	1	0x2	DEVELOPMENTONLY	1	0	static	A
net_optimize_persistent_data	1	0x2	DEVELOPMENTONLY	1	0	static	A
net_optimize_playlists	1	0x2	DEVELOPMENTONLY	1	0	static	A
net_optimize_weapons	2	0x2002	DEVELOPMENTONLY|REPLICATED	0	0	static	A
net_portTryMax	64	0x2	DEVELOPMENTONLY	0	0	static	A
net_predictParentEntities	0	0x2	DEVELOPMENTONLY	1	0	static	A
net_predictedEntsUseFirstAvailableSnapshot	1	0x2	DEVELOPMENTONLY	1	0	static	A
net_predictionDebug	0	0x2	DEVELOPMENTONLY	0	0	static	A
net_pretendSnapshotArrayFull	0	0x2	DEVELOPMENTONLY	1	0	static	A
net_printCompression	1	0x2	DEVELOPMENTONLY	0	0	static	A
net_printOutOfSnapshots	1	0x2	DEVELOPMENTONLY	1	0	static	A
net_printUnnecessaryDeltas	0	0x2	DEVELOPMENTONLY	0	0	static	A
net_processSocketStats_trigger	-1	0x2	DEVELOPMENTONLY	0	0	static	A
net_protocol_base	0	0x2	DEVELOPMENTONLY	1	0	static	A
net_protocol_increment	68	0x2	DEVELOPMENTONLY	1	0	static	A
net_protocol_use_script_md5	0	0x2	DEVELOPMENTONLY	1	0	static	A
net_protocol_use_script_rpak	0	0x2	DEVELOPMENTONLY	1	0	static	A
net_queuedPackets_PrintOversleeps	0	0x2	DEVELOPMENTONLY	0	0	static	A
net_queuedPackets_SkipSmallSleeps	2	0x2	DEVELOPMENTONLY	1	0	static	A
net_queuedPackets_debug	0	0x2	DEVELOPMENTONLY	0	0	static	A
net_queuedPackets_emptyQueueSleep	10	0x80000	ARCHIVE_XBOX	1	0	static	A
net_queuedPackets_force	0	0x2	DEVELOPMENTONLY	1	0	static	A
net_queuedPackets_printThreshold	5	0x2	DEVELOPMENTONLY	0	0	static	A
net_recentNetworkGapWindow	2.0	0x2	DEVELOPMENTONLY	1	0	static	A
net_recentNetworkGapsNeeded	2	0x2	DEVELOPMENTONLY	1	0	static	A
net_recentWindowTime	4.0	0x2	DEVELOPMENTONLY	0	0	static	A
net_recreateScriptInstanceOnReplayTransition	1	0x2	DEVELOPMENTONLY	1	0	static	A
net_recvBufferSizeOverride	0	0x80000	ARCHIVE_XBOX	1	0	static	A
net_recv_dumpChanges	0	0x2	DEVELOPMENTONLY	0	0	static	A
net_recv_dumpNetworkedChangesOnEntCreate	0	0x2	DEVELOPMENTONLY	1	0	static	A
net_recv_dumpNetworkedChangesOnNoDelta	0	0x2	DEVELOPMENTONLY	0	0	static	A
net_recv_watchEnt	-1	0x2	DEVELOPMENTONLY	0	0	static	A
net_recv_watchField1		0x2	DEVELOPMENTONLY	0	0	static	A
net_recv_watchField2		0x2	DEVELOPMENTONLY	0	0	static	A
net_sendFloatDeltas	1	0x2	DEVELOPMENTONLY	0	0	static	A
net_sendtoInJob	1	0x2	DEVELOPMENTONLY	1	0	static	A
net_showFailedAuth	1	0x2	DEVELOPMENTONLY	0	0	static	A
net_showLargeSnapshot	1	0x2	DEVELOPMENTONLY	0	0	static	A
net_showServerStruggle	1	0x2	DEVELOPMENTONLY	0	0	static	A
net_showUndoDeltas	0	0x2	DEVELOPMENTONLY	0	0	static	A
net_showUserWarnings	1	0x2	DEVELOPMENTONLY	1	0	static	A
net_showdrop	0	0x2	DEVELOPMENTONLY	0	0	static	A
net_showfragments	0	0x2	DEVELOPMENTONLY	0	0	static	A
net_showmsg	0	0x2	DEVELOPMENTONLY	0	0	static	A
net_showpacketflagerrors	1	0x80000	ARCHIVE_XBOX	0	0	static	A
net_showsendrecv	0	0x2	DEVELOPMENTONLY	0	0	static	A
net_showsplits	0	0x80000	ARCHIVE_XBOX	0	0	static	A
net_showudp	0	0x80000	ARCHIVE_XBOX	0	0	static	A
net_showudp_oob	0	0x80000	ARCHIVE_XBOX	0	0	static	A
net_showudp_remoteonly	0	0x80000	ARCHIVE_XBOX	0	0	static	A
net_showusercmd	0	0x2	DEVELOPMENTONLY	0	0	static	A
net_skipUnnecessaryDeltas	1	0x2	DEVELOPMENTONLY	1	0	static	A
net_splitrate	3	0x80000	ARCHIVE_XBOX	1	0	static	A
net_splitrateDefaultMP	3	0x80000	ARCHIVE_XBOX	1	0	static	A
net_splitrateDefaultSP	10000	0x80000	ARCHIVE_XBOX	1	0	static	A
net_tamperPackets	0	0x2	DEVELOPMENTONLY	0	0	static	A
net_threadedEntityDeltas	1	0x2	DEVELOPMENTONLY	1	0	static	A
net_threadedProcessPacket	1	0x2	DEVELOPMENTONLY	1	0	static	A
net_timeoutUsesLastReadTime	1	0x2	DEVELOPMENTONLY	1	0	static	A
net_traceroute	0	0x2	DEVELOPMENTONLY	1	0	static	A
net_traceroute_max_hops	255	0x2	DEVELOPMENTONLY	1	0	static	A
net_trackEnt_bandwidthFrame	0	0x2	DEVELOPMENTONLY	0	0	static	A
net_trackerWarningInterval	5	0x2	DEVELOPMENTONLY	0	0	static	A
net_transmission_events_enabled	1	0x2	DEVELOPMENTONLY	1	0	static	A
net_use_valve_relay	1	0x2	DEVELOPMENTONLY	1	0	static	A
net_usesocketsforloopback	0	0x2	DEVELOPMENTONLY	1	0	static	A
net_verifyEncryption	0	0x2	DEVELOPMENTONLY	0	0	static	A
net_warnAboutSocketReadGaps	0.200	0x2	DEVELOPMENTONLY	0	0	static	A
net_warnGapTime	0.4	0x2	DEVELOPMENTONLY	1	0	static	A
net_wifi	-1	0x80200	USERINFO|ARCHIVE_XBOX	1	0	static	A
net_worldHitchSlopTime	0.031	0x2	DEVELOPMENTONLY	0	0	static	A
netchan_stats_window_time	3	0x2	DEVELOPMENTONLY	1	0	static	A
newPlayerMatchMaking_disablePlaylistOverride	0	0x22	DEVELOPMENTONLY|PROTECTED	0	0	static	A
new_player_match_making_enabled	1	0x2002	DEVELOPMENTONLY|REPLICATED	0	0	static	A
next	0	0x4000	CHEAT	1	1	static	A
nextEnergizeCooldownTime	0.25	0x2002	DEVELOPMENTONLY|REPLICATED	1	0	static	A
noReloadAfterUse	1	0x2002	DEVELOPMENTONLY|REPLICATED	1	0	static	A
no_classname_asserts	0	0x2	DEVELOPMENTONLY	0	0	static	A
no_classname_rtti_check	0	0x2	DEVELOPMENTONLY	0	0	static	A
nointerp_att_debug		0x2	DEVELOPMENTONLY	0	0	static	A
nointerp_subframe_debug	0	0x2	DEVELOPMENTONLY	0	0	static	A
noise_filter_scale	0.006	0x1000000	SCRIPTS_ONLY	0	0	static	A
non_fatal_error_report_period_seconds	3600	0x80000	ARCHIVE_XBOX	1	0	static	A
not_focus_sleep	50	0x80000	ARCHIVE_XBOX	1	0	static	A
notification_displayTime	10	0x2	DEVELOPMENTONLY	0	0	static	A
nucleus_id	0	0x200	USERINFO	1	0	static	A
nucleus_persona_id	unknown	0x200	USERINFO	1	0	static	A
number_shortenToMillionsAfter	2000000	0x2	DEVELOPMENTONLY	1	0	static	A
nx_static_lobby_capture_debug	0	0x2	DEVELOPMENTONLY	0	0	static	A
nx_static_lobby_capture_delay_frames	5	0x4000	CHEAT	0	1	static	A
nx_static_lobby_mode	1	0x4000	CHEAT	0	1	static	A
nx_viewportscale_max_handheld	1.0	0x80000	ARCHIVE_XBOX	0	0	static	A
nx_viewportscale_max_handheld_lobby	1.0	0x80000	ARCHIVE_XBOX	0	0	static	A
nx_viewportscale_min_handheld	0.7	0x80000	ARCHIVE_XBOX	0	0	static	A
nx_viewportscale_min_handheld_lobby	1.0	0x80000	ARCHIVE_XBOX	0	0	static	A
object_placement_debug	0	0x4002	DEVELOPMENTONLY|CHEAT	0	1	static	A
object_placement_special_allow_on_movers	1	0x2002	DEVELOPMENTONLY|REPLICATED	1	0	static	A
object_placement_special_allow_on_moving_movers	1	0x2002	DEVELOPMENTONLY|REPLICATED	1	0	static	A
object_placement_special_allow_over_tracing_client	1	0xa	DEVELOPMENTONLY|CLIENTDLL	1	0	static	A
object_placement_special_energy_shield_end_offset	3	0x2002	DEVELOPMENTONLY|REPLICATED	1	0	static	A
object_placement_special_energy_shield_trace_debug	0	0x2002	DEVELOPMENTONLY|REPLICATED	0	0	static	A
object_placement_special_energy_shield_trace_extents	4	0x2002	DEVELOPMENTONLY|REPLICATED	1	0	static	A
object_placement_special_energy_shield_trace_offset	20	0x2002	DEVELOPMENTONLY|REPLICATED	1	0	static	A
object_placement_special_find_exit_max_loops	30	0x2002	DEVELOPMENTONLY|REPLICATED	1	0	static	A
object_placement_special_find_exit_max_tomb_checks	6	0x2002	DEVELOPMENTONLY|REPLICATED	1	0	static	A
object_placement_special_max_spl_traces	64	0x2002	DEVELOPMENTONLY|REPLICATED	1	0	static	A
object_placement_special_mover_blocker_validation	0	0x2002	DEVELOPMENTONLY|REPLICATED	0	0	static	A
object_placement_special_verbose_logging	0	0x4002	DEVELOPMENTONLY|CHEAT	1	1	static	A
odl_artificial_load_time_ms	0	0x2	DEVELOPMENTONLY	1	0	static	A
odl_send_pin_events	1	0x12	DEVELOPMENTONLY|HIDDEN	1	0	static	A
offhandTossOverheadPitchThreshold	-1.0	0x2002	DEVELOPMENTONLY|REPLICATED	1	0	static	A
offhand_cancelled_by_melee_v2	1	0x2002	DEVELOPMENTONLY|REPLICATED	1	0	static	A
offhand_weapon_self_interrupt_weapon_activation	1	0x2002	DEVELOPMENTONLY|REPLICATED	1	0	static	A
one_handed_change_rate	1.25	0xa	DEVELOPMENTONLY|CLIENTDLL	1	0	static	A
openinvite_duration_default	10	0x2	DEVELOPMENTONLY	1	0	static	A
opus_bitrate	32000	0x2	DEVELOPMENTONLY	1	0	static	A
opus_complexity	0	0x2	DEVELOPMENTONLY	1	0	static	A
opus_vbr	1	0x2	DEVELOPMENTONLY	1	0	static	A
ordnanceSwapSelectCooldown	0.25	0x2	DEVELOPMENTONLY	1	0	static	A
orientation_matches_disabled	0	0x2002	DEVELOPMENTONLY|REPLICATED	0	0	static	A
origin_Errorlevel_OldBehaviour	1	0x2	DEVELOPMENTONLY	1	0	static	A
origin_Errorlevel_Telemetry	1	0x2	DEVELOPMENTONLY	1	0	static	A
origin_authCodeFailureMaxBackoffSeconds	10	0x2	DEVELOPMENTONLY	1	0	static	A
origin_autoRefreshTokenClient	1	0x2	DEVELOPMENTONLY	1	0	static	A
origin_autoRefreshTokenServer	0	0x2	DEVELOPMENTONLY	1	0	static	A
origin_debug	0	0x2	DEVELOPMENTONLY	0	0	static	A
origin_ignoreInvitesOnLoadScreen	0	0x2	DEVELOPMENTONLY	1	0	static	A
origin_igo_mutes_sound_enabled	1	0x2	DEVELOPMENTONLY	1	0	static	A
origin_igo_muting_sound	0	0x2	DEVELOPMENTONLY	1	0	static	A
origin_keepOldPresence	1	0x2	DEVELOPMENTONLY	1	0	static	A
origin_presense_updateRate	1	0x2	DEVELOPMENTONLY	1	0	static	A
origin_tokenFailureMaxBackoffSeconds	10	0x2	DEVELOPMENTONLY	1	0	static	A
origin_useGamePresence	1	0x2	DEVELOPMENTONLY	1	0	static	A
origin_use_jwt	1	0x2	DEVELOPMENTONLY	1	0	static	A
overheat_uses_multiple_weapon_slots	0	0x2002	DEVELOPMENTONLY|REPLICATED	1	0	static	A
pak_hash_check_blake_hasher	0	0x80000	ARCHIVE_XBOX	1	0	static	A
pak_hash_use_virtual_span	0	0x80000	ARCHIVE_XBOX	1	0	static	A
pak_hash_virtual_span_mark_readonly	0	0x80000	ARCHIVE_XBOX	1	0	static	A
pak_load_use_job_continuations	0	0x2	DEVELOPMENTONLY	1	0	static	A
pak_suggest_user_repair	1	0x2	DEVELOPMENTONLY	1	0	static	A
paks_allow_async_inserts_on_allowed_states	1	0x2	DEVELOPMENTONLY	1	0	static	A
paks_precache_lower_priority	0	0x2	DEVELOPMENTONLY	1	0	static	A
paks_use_old_precache_insert_algo	0	0x2	DEVELOPMENTONLY	1	0	static	A
panel_showVisChanges	0	0x2	DEVELOPMENTONLY	1	0	static	A
panel_test_title_safe	0	0x4000	CHEAT	1	1	static	A
parenting_debug	0	0x2	DEVELOPMENTONLY	0	0	static	A
particleEffect_checkShouldStillPlay	1	0x2	DEVELOPMENTONLY	1	0	static	A
particleEffect_skipViewmodelControlPointFormatting	1	0x2	DEVELOPMENTONLY	1	0	static	A
particle_allow_per_pixel_lights	1	0x2	DEVELOPMENTONLY	1	0	static	A
particle_alpha_trim	1	0x2	DEVELOPMENTONLY	1	0	static	A
particle_alwayswakeonstop	1	0x2002	DEVELOPMENTONLY|REPLICATED	1	0	static	A
particle_cpu_level	0	0x40000000	NO_MIN_MAX_CHECK	0	0	static	A
particle_dlights_enable	1	0x2	DEVELOPMENTONLY	1	0	static	A
particle_dlights_spew	0	0x2	DEVELOPMENTONLY	0	0	static	A
particle_enable_batching	1	0x2	DEVELOPMENTONLY	1	0	static	A
particle_enable_bindless	1	0x40000000	NO_MIN_MAX_CHECK	1	0	static	A
particle_gpu_level	1	0x2	DEVELOPMENTONLY	1	0	static	A
particle_lighting_allow_normal_maps	1	0x2	DEVELOPMENTONLY	1	0	static	A
particle_lighting_clear_enable	0	0x2	DEVELOPMENTONLY	1	0	static	A
particle_lighting_single_pass	1	0x2	DEVELOPMENTONLY	1	0	static	A
particle_lighting_size	32	0x2	DEVELOPMENTONLY	1	0	static	A
particle_lighting_viewmodel_enable	0	0x2	DEVELOPMENTONLY	1	0	static	A
particle_los_blockscan_enabled	1	0x2	DEVELOPMENTONLY	1	0	static	A
particle_position_lock_query_previous_vals	1	0x2	DEVELOPMENTONLY	1	0	static	A
particle_position_lock_query_reset_origin	1	0x2	DEVELOPMENTONLY	1	0	static	A
particle_remap_vol2cp_debug	0	0x2	DEVELOPMENTONLY	1	0	static	A
particle_render_error_material_sprites	1	0x2	DEVELOPMENTONLY	1	0	static	A
particle_script_dump	-1	0x2002	DEVELOPMENTONLY|REPLICATED	1	0	static	A
particle_script_list		0x2002	DEVELOPMENTONLY|REPLICATED	0	0	static	A
particle_script_log	-1	0x2002	DEVELOPMENTONLY|REPLICATED	1	0	static	A
particle_scrub_debug	0	0x2	DEVELOPMENTONLY	0	0	static	A
particle_scrub_debug_effect	0	0x2	DEVELOPMENTONLY	1	0	static	A
particle_scrub_is_using_time_scrub	0	0x2002	DEVELOPMENTONLY|REPLICATED	1	0	static	A
particle_scrub_quality	6	0x2	DEVELOPMENTONLY	1	0	static	A
particle_scrub_time	-1	0x2	DEVELOPMENTONLY	1	0	static	A
particlemanager_hack_cleanup	1	0x2	DEVELOPMENTONLY	0	0	static	A
particlemanager_print_logs	0	0x2	DEVELOPMENTONLY	0	0	static	A
particles_cull_dlights	1	0x2002	DEVELOPMENTONLY|REPLICATED	1	0	static	A
particles_max_passes	10	0x2002	DEVELOPMENTONLY|REPLICATED	1	0	static	A
particles_spawncull	1	0x2002	DEVELOPMENTONLY|REPLICATED	1	0	static	A
particles_spawncull_report	0	0x2002	DEVELOPMENTONLY|REPLICATED	0	0	static	A
parties_alwaysReadSubs	1	0x2	DEVELOPMENTONLY	1	0	static	A
party_anyone_can_join	0	0x2	DEVELOPMENTONLY	1	0	static	A
party_autoCreatePartyAlways	1	0x2	DEVELOPMENTONLY	1	0	static	A
party_autoCreatePartyDelay	3	0x2	DEVELOPMENTONLY	1	0	static	A
party_bringParty_leadersOnly	1	0x2	DEVELOPMENTONLY	0	0	static	A
party_color_enabled	0	0x1000000	SCRIPTS_ONLY	1	0	static	A
party_createPartyImmediately	0	0x2	DEVELOPMENTONLY	1	0	static	A
party_forceMapLoadedCorrection	1	0x2	DEVELOPMENTONLY	1	0	static	A
party_hostname		0x80020	PROTECTED|ARCHIVE_XBOX	1	0	static	A
party_httpHandleTimeout	10.0f	0x2	DEVELOPMENTONLY	1	0	static	A
party_join_requires_ack	1	0x2	DEVELOPMENTONLY	1	0	static	A
party_join_retry_interval	10	0x2	DEVELOPMENTONLY	1	0	static	A
party_join_timeout	20	0x2	DEVELOPMENTONLY	1	0	static	A
party_keepAliveTime	60	0x2	DEVELOPMENTONLY	0	0	static	A
party_leaderReadyOnly	0	0x2	DEVELOPMENTONLY	1	0	static	A
party_leaveMatchOnJoin	0	0x2002	DEVELOPMENTONLY|REPLICATED	1	0	static	A
party_migrateFromMatch	0	0x2	DEVELOPMENTONLY	1	0	static	A
party_migrateWhenSearchStatusIsConnecting	1	0x2	DEVELOPMENTONLY	1	0	static	A
party_minSize	3	0x2	DEVELOPMENTONLY	1	0	static	A
party_noSlotsUsedTimeout	10.0f	0x2	DEVELOPMENTONLY	1	0	static	A
party_nobody_can_join	0	0x2	DEVELOPMENTONLY	1	0	static	A
party_nofill_selected	0	0x80200	USERINFO|ARCHIVE_XBOX	1	0	static	A
party_privacy		0x2	DEVELOPMENTONLY	1	0	static	A
party_readyToSearch	0	0x2	DEVELOPMENTONLY	1	0	static	A
party_relyOnPartyForMemberUserInfo	1	0x2	DEVELOPMENTONLY	1	0	static	A
party_requireConsensusForSearch	1	0x2	DEVELOPMENTONLY	1	0	static	A
party_userinfo_allowstale	1	0x40000000	NO_MIN_MAX_CHECK	1	0	static	A
pause_ui	0	0x2002	DEVELOPMENTONLY|REPLICATED	0	0	static	A
paused	0	0x2002	DEVELOPMENTONLY|REPLICATED	1	0	static	A
perTriangleCollisionForced	0	0x2	DEVELOPMENTONLY	1	0	static	A
perfcharts_SendDataBlock	0	0x2	DEVELOPMENTONLY	1	0	static	A
perfcharts_cmetric_pin_verbosity	1	0x2	DEVELOPMENTONLY	1	0	static	A
perfcharts_heartbeat_debug	0	0x2	DEVELOPMENTONLY	0	0	static	A
perfcharts_heartbeat_enabled	1	0x2	DEVELOPMENTONLY	1	0	static	A
perfcharts_heartbeat_force	0	0x2	DEVELOPMENTONLY	0	0	static	A
perfcharts_heartbeat_interval	900	0x2	DEVELOPMENTONLY	1	0	static	A
perfcharts_io_metrics_verbosity	0	0x2	DEVELOPMENTONLY	1	0	static	A
perfcharts_json_builder	1	0x2	DEVELOPMENTONLY	1	0	static	A
perfcharts_killswitch	0	0x2	DEVELOPMENTONLY	1	0	static	A
perfcharts_pin_enabled	1	0x2	DEVELOPMENTONLY	1	0	static	A
perfcharts_pin_print	0	0x2	DEVELOPMENTONLY	0	0	static	A
perfcharts_send_unlockedFPS	1	0x2	DEVELOPMENTONLY	1	0	static	A
persistenceDef_hostname		0x80020	PROTECTED|ARCHIVE_XBOX	1	0	static	A
persistenceDef_queryMaxHttpRetries	4	0x6	DEVELOPMENTONLY|GAMEDLL	1	0	static	A
persistenceDef_readMaxHttpRetries	2	0x6	DEVELOPMENTONLY|GAMEDLL	0	0	static	A
persistenceDef_retryReadAfterErrorTime	15	0x6	DEVELOPMENTONLY|GAMEDLL	0	0	static	A
persistenceDef_writeMaxHttpRetries	4	0x6	DEVELOPMENTONLY|GAMEDLL	1	0	static	A
persistence_avoidWritingAfterError	1	0x2	DEVELOPMENTONLY	0	0	static	A
persistence_clForceNew	0	0x200	USERINFO	0	0	static	A
persistence_disableForBuildProcess	0	0x6	DEVELOPMENTONLY|GAMEDLL	0	0	static	A
persistence_domain	R5	0x2002	DEVELOPMENTONLY|REPLICATED	1	0	static	A
persistence_enforce_manifest	1	0x2	DEVELOPMENTONLY	1	0	static	A2
persistence_hostname		0x80020	PROTECTED|ARCHIVE_XBOX	1	0	static	A
persistence_new_player_if_upgrade_fails	0	0x2	DEVELOPMENTONLY	1	0	static	A2
persistence_run_pdef_autogen_on_connect	0	0x2002	DEVELOPMENTONLY|REPLICATED	0	0	static	A
persistence_stat_migration_enabled	1	0x2	DEVELOPMENTONLY	0	0	static	A2
persistence_upload_def	1	0x6	DEVELOPMENTONLY|GAMEDLL	1	0	static	A
persistence_upload_failure_is_error	1	0x6	DEVELOPMENTONLY|GAMEDLL	1	0	static	A
persistence_use_rson_schema	0	0x2	DEVELOPMENTONLY	1	0	static	A
pertrianglecollision	1	0x2	DEVELOPMENTONLY	1	0	static	A
phys_bounce	0.2	0x2002	DEVELOPMENTONLY|REPLICATED	1	0	static	A
phys_cfm	0.0001	0x2002	DEVELOPMENTONLY|REPLICATED	1	0	static	A
phys_cfm_anglejointstop	0.0001	0x2002	DEVELOPMENTONLY|REPLICATED	1	0	static	A
phys_drawContacts	0	0x2002	DEVELOPMENTONLY|REPLICATED	0	0	static	A
phys_drawContactsDuration	0.016666	0x2002	DEVELOPMENTONLY|REPLICATED	0	0	static	A
phys_drawGeoms	0	0x2002	DEVELOPMENTONLY|REPLICATED	0	0	static	A
phys_drawTunnelChecks	0	0x2002	DEVELOPMENTONLY|REPLICATED	1	0	static	A
phys_enableObjectPairCollidePrototype	0	0x2	DEVELOPMENTONLY	1	0	static	A
phys_erp	0.05	0x2002	DEVELOPMENTONLY|REPLICATED	1	0	static	A
phys_erp_anglejointstop	0.05	0x2002	DEVELOPMENTONLY|REPLICATED	1	0	static	A
phys_frictionDefault	0.82	0x2002	DEVELOPMENTONLY|REPLICATED	1	0	static	A
phys_showObjectCount	0	0x2	DEVELOPMENTONLY	1	0	static	A
phys_threadGoWide	1	0x2	DEVELOPMENTONLY	1	0	static	A
physics_async_cl	1	0x2	DEVELOPMENTONLY	1	0	static	A
physics_autoSleepAngularThreshold	120	0x2002	DEVELOPMENTONLY|REPLICATED	1	0	static	A
physics_autoSleepDebug	0	0x2002	DEVELOPMENTONLY|REPLICATED	0	0	static	A
physics_autoSleepGroundHysteresis	0	0x2002	DEVELOPMENTONLY|REPLICATED	1	0	static	A
physics_autoSleepSpeedThreshold	20	0x2002	DEVELOPMENTONLY|REPLICATED	1	0	static	A
physics_collideWithMovingGeo	1	0x2002	DEVELOPMENTONLY|REPLICATED	1	0	static	A
physics_collision_speed_threshold	10	0x2002	DEVELOPMENTONLY|REPLICATED	1	0	static	A
physics_tunnelChecks	1	0x2002	DEVELOPMENTONLY|REPLICATED	1	0	static	A
physics_tunnelChecksForceAlways	0	0x2002	DEVELOPMENTONLY|REPLICATED	1	0	static	A
pil_hostname		0x80020	PROTECTED|ARCHIVE_XBOX	1	0	static	A
pin_EntitlementSource	unknown	0x2	DEVELOPMENTONLY	1	0	static	A
pin_automation_type	null	0x2	DEVELOPMENTONLY	1	0	static	A
pin_detail_statsd	1	0x2	DEVELOPMENTONLY	1	0	static	A
pin_hack_size_report	1	0x2	DEVELOPMENTONLY	1	0	static	A
pin_opt_in	1	0x1000000	SCRIPTS_ONLY	1	0	static	A
pin_plat_id	0	0x202	DEVELOPMENTONLY|USERINFO	1	0	static	A
pin_send_client_entity_budgets	1	0x2	DEVELOPMENTONLY	1	0	static	A
pin_sid	unknown	0x200	USERINFO	1	0	static	A
pin_spam_seconds	240	0x2	DEVELOPMENTONLY	1	0	static	A
pin_telemetry_actually_send	1	0x2	DEVELOPMENTONLY	1	0	static	A
pin_telemetry_anti_teaming_on	2	0x2	DEVELOPMENTONLY	0	0	static	A
pin_telemetry_debug_code	0	0x2	DEVELOPMENTONLY	0	0	static	A
pin_telemetry_debug_http_requests	1	0x2	DEVELOPMENTONLY	0	0	static	A
pin_telemetry_debug_name		0x2	DEVELOPMENTONLY	0	0	static	A
pin_telemetry_debug_payload	0	0x2	DEVELOPMENTONLY	1	0	static	A
pin_telemetry_debug_script	0	0x2	DEVELOPMENTONLY	1	0	static	A
pin_telemetry_dont_send_events		0x2002	DEVELOPMENTONLY|REPLICATED	1	0	static	A
pin_telemetry_hostname		0x22	DEVELOPMENTONLY|PROTECTED	1	0	static	A
pin_telemetry_inactivity_send_time	300	0x2	DEVELOPMENTONLY	1	0	static	A
pin_telemetry_max_payload_size	30720	0x2	DEVELOPMENTONLY	1	0	static	A
pin_telemetry_mqueue_allow	1	0x2	DEVELOPMENTONLY	1	0	static	A
pin_telemetry_mqueue_max	10	0x2	DEVELOPMENTONLY	1	0	static	A
pin_telemetry_report_date	0	0x1000000	SCRIPTS_ONLY	1	0	static	A
pin_telemetry_report_interval	1814400	0x80000	ARCHIVE_XBOX	1	0	static	A
pin_telemetry_send_debug	0	0x2	DEVELOPMENTONLY	1	0	static	A
ping_drmMaxPing	250	0x2	DEVELOPMENTONLY	1	0	static	A
ping_minSentForChoice	10	0x2	DEVELOPMENTONLY	1	0	static	A
ping_qos_units	32	0x2	DEVELOPMENTONLY	1	0	static	A
ping_sendToStryderInterval	3600	0x2	DEVELOPMENTONLY	1	0	static	A
ping_usePacketLoss	1	0x2	DEVELOPMENTONLY	1	0	static	A
pip_wait_frames_before_scriptcb	3	0x2	DEVELOPMENTONLY	1	0	static	A
pixvis_draw	0	0x2	DEVELOPMENTONLY	0	0	static	A
pixvis_draw_opacity	1.0	0x2	DEVELOPMENTONLY	0	0	static	A
pixvis_enable	1	0x2	DEVELOPMENTONLY	1	0	static	A
pixvis_maxquads	256	0x4000	CHEAT	1	1	static	A
pixvis_spew	0	0x2	DEVELOPMENTONLY	0	0	static	A
plat_environment		0x2	DEVELOPMENTONLY	1	0	static	A
platform_user_id	0	0x2	DEVELOPMENTONLY	1	0	static	A
play_melee_gesture_on_anim_end	1	0x2002	DEVELOPMENTONLY|REPLICATED	1	0	static	A
playerListPartyColorB	204	0x2	DEVELOPMENTONLY	1	0	static	A
playerListPartyColorG	255	0x2	DEVELOPMENTONLY	1	0	static	A
playerListPartyColorR	179	0x2	DEVELOPMENTONLY	1	0	static	A
playerListUseFriendColor	1	0x2	DEVELOPMENTONLY	1	0	static	A
player_ADS_buffer_time_seconds	1	0x2002	DEVELOPMENTONLY|REPLICATED	1	0	static	A
player_allow_scaled_scripted_anims_3p	1	0x2002	DEVELOPMENTONLY|REPLICATED	1	0	static	A
player_debugPredictedPosition	0	0x2	DEVELOPMENTONLY	1	0	static	A
player_deltaAnimsMakeMeUnpredicted	0	0x2	DEVELOPMENTONLY	1	0	static	A
player_doJetwashEffects	0	0x2	DEVELOPMENTONLY	1	0	static	A
player_extraairaccelleration	2.0	0x2002	DEVELOPMENTONLY|REPLICATED	1	0	static	A
player_highFrequencyThinkDistance	6000	0x2	DEVELOPMENTONLY	1	0	static	A
player_input_detection_capture_controller_info	1	0x82000	REPLICATED|ARCHIVE_XBOX	1	0	static	A
player_input_detection_enabled	0	0x82000	REPLICATED|ARCHIVE_XBOX	1	0	static	A
player_launch_debug	0	0x2002	DEVELOPMENTONLY|REPLICATED	0	0	static	A
player_movementBounds_predictionShare	1	0x2002	DEVELOPMENTONLY|REPLICATED	1	0	static	A
player_movingDeathThreshold	50	0x6000	REPLICATED|CHEAT	0	1	static	A
player_overheat_cooldown_delay	1.0f	0x2002	DEVELOPMENTONLY|REPLICATED	1	0	static	A
player_overheat_cooldown_time	8.0f	0x2002	DEVELOPMENTONLY|REPLICATED	1	0	static	A
player_overheat_rechamber_time_multiplier	0.5f	0x2002	DEVELOPMENTONLY|REPLICATED	1	0	static	A
player_overheat_time_to_overheat	1.33f	0x2002	DEVELOPMENTONLY|REPLICATED	1	0	static	A
player_overheat_weapon_switch_block_update	1	0x2002	DEVELOPMENTONLY|REPLICATED	1	0	static	A
player_proxy_visibility_fade_speed	2.0	0x2002	DEVELOPMENTONLY|REPLICATED	1	0	static	A
player_proxy_visibility_radius	20.0	0x2002	DEVELOPMENTONLY|REPLICATED	1	0	static	A
player_proxy_visibility_update_max_distance	13000.0	0x2002	DEVELOPMENTONLY|REPLICATED	1	0	static	A
player_respawnInputDebounceDuration	0.5	0x2	DEVELOPMENTONLY	1	0	static	A
player_setting_arsenals_maphudidentifiers	2	0x1000000	SCRIPTS_ONLY	0	0	static	A
player_setting_autosprint	0	0x41000000	SCRIPTS_ONLY|NO_MIN_MAX_CHECK	1	0	static	A
player_setting_damage_closes_deathbox_menu	1	0x1000200	USERINFO|SCRIPTS_ONLY	0	0	static	A
player_setting_gamestateawareness_callouts	2	0x1000200	USERINFO|SCRIPTS_ONLY	0	0	static	A
player_setting_holdtosprint	0	0x41000200	USERINFO|SCRIPTS_ONLY|NO_MIN_MAX_CHECK	0	0	static	A
player_setting_lowammo_setting	2	0x1000000	SCRIPTS_ONLY	0	0	static	A
player_setting_stickysprintforward	0	0x41000200	USERINFO|SCRIPTS_ONLY|NO_MIN_MAX_CHECK	0	0	static	A
player_setting_tutorialization	2	0x1000000	SCRIPTS_ONLY	0	0	static	A
player_showEyePosition	0	0x2	DEVELOPMENTONLY	0	0	static	A
player_silence_after_1p_blend	1	0x2	DEVELOPMENTONLY	1	0	static	A
player_silence_listener_on_pov_change	0	0x2	DEVELOPMENTONLY	1	0	static	A
player_silence_on_pov_change	1	0x2	DEVELOPMENTONLY	1	0	static	A
player_tag		0x2	DEVELOPMENTONLY	1	0	static	A
player_useMovementBounds	1	0x2002	DEVELOPMENTONLY|REPLICATED	1	0	static	A
player_use_prompt_enabled	1	0x1000000	SCRIPTS_ONLY	1	0	static	A
player_usercmd_skipping_enabled	1	0x2002	DEVELOPMENTONLY|REPLICATED	1	0	static	A
player_viewchange_debug_pitch	20	0x2	DEVELOPMENTONLY	0	0	static	A
player_viewchange_debug_roll	9	0x2	DEVELOPMENTONLY	0	0	static	A
player_viewchange_debug_yaw	160	0x2	DEVELOPMENTONLY	0	0	static	A
playlist_allowGameDediToPatch	1	0x2	DEVELOPMENTONLY	0	0	static	A
playlist_changeGamemodeAutomatically	1	0x2	DEVELOPMENTONLY	0	0	static	A
playlist_debug	0	0x2	DEVELOPMENTONLY	0	0	static	A
playlist_debug_localization	0	0x2	DEVELOPMENTONLY	0	0	static	A
playlist_debug_varByName		0x2	DEVELOPMENTONLY	0	0	static	A
playlist_dump	0	0x2	DEVELOPMENTONLY	1	0	static	A
playlist_mapRotationIgnoreFakeTime	1	0x2002	DEVELOPMENTONLY|REPLICATED	1	0	static	A
playlist_schedule_treatment_config		0x80000	ARCHIVE_XBOX	0	0	static	A
playlist_use_decorated_names	1	0x2	DEVELOPMENTONLY	1	0	static	A
playlist_use_schedule_treatments	0	0x80000	ARCHIVE_XBOX	1	0	static	A
playlist_variableErrorsChecks	1	0x2002	DEVELOPMENTONLY|REPLICATED	1	0	static	A
portal_edge_correction_use_adjusted_pos	1	0x2002	DEVELOPMENTONLY|REPLICATED	1	0	static	A
portal_pointpush_debug	0	0x6000	REPLICATED|CHEAT	0	1	static	A
portal_pointpush_think_rate	0.05f	0x6000	REPLICATED|CHEAT	1	1	static	A
portal_use_player_avoidance	0	0x2002	DEVELOPMENTONLY|REPLICATED	1	0	static	A
post_process_resolution_mode	0	0x2	DEVELOPMENTONLY	1	0	static	A
post_process_resolution_scale	1.0	0x2	DEVELOPMENTONLY	1	0	static	A
postdataupdate_threaded	1	0x2	DEVELOPMENTONLY	1	0	static	A
postdataupdate_threaded_chunksize	2	0x2	DEVELOPMENTONLY	1	0	static	A
presence_teamscores_percentage_step	5	0x2	DEVELOPMENTONLY	1	0	static	A
print_timeprefix		0x2	DEVELOPMENTONLY	1	0	static	A
print_timeprefix_ticks		0x2	DEVELOPMENTONLY	1	0	static	A
print_timeprefix_utc	0	0x2	DEVELOPMENTONLY	1	0	static	A
process_pending_vm_effects	1	0x2	DEVELOPMENTONLY	1	0	static	A
profile_overlay	0	0x2	DEVELOPMENTONLY	0	0	static	A
progressbar_allow_wrap	1	0x2	DEVELOPMENTONLY	1	0	static	A
progressbar_high_precision	0	0x2	DEVELOPMENTONLY	1	0	static	A
progressbar_single_bar	1	0x2	DEVELOPMENTONLY	1	0	static	A
progression_tray_enabled	1	0x2012	DEVELOPMENTONLY|HIDDEN|REPLICATED	0	0	static	A
projectile_arcIndicatorAccountsForParentMoverVelocity	1	0x2	DEVELOPMENTONLY	1	0	static	A
projectile_debug_arc_client_offset	0	0x2	DEVELOPMENTONLY	0	0	static	A
projectile_fake_prediction_in_kill_replay	1	0x2002	DEVELOPMENTONLY|REPLICATED	0	0	static	A
projectile_faketrails	1	0x2	DEVELOPMENTONLY	1	0	static	A
projectile_filltrails	3	0x2	DEVELOPMENTONLY	1	0	static	A
projectile_killreplay_force_disable	0	0x2	DEVELOPMENTONLY	1	0	static	A
projectile_lagCompensationDebug	0	0x2002	DEVELOPMENTONLY|REPLICATED	0	0	static	A
projectile_lagCompensationDebugDrawNoReg	1	0x2002	DEVELOPMENTONLY|REPLICATED	0	0	static	A
projectile_lagCompensationDebugDrawTime	5.0	0x2002	DEVELOPMENTONLY|REPLICATED	0	0	static	A
projectile_lagCompensationDebugExtra	0	0x2002	DEVELOPMENTONLY|REPLICATED	0	0	static	A
projectile_lagCompensationDebugForceNoReg	0	0x2002	DEVELOPMENTONLY|REPLICATED	0	0	static	A
projectile_lagCompensationDebugServerOffset	0	0x2002	DEVELOPMENTONLY|REPLICATED	0	0	static	A
projectile_lagCompensationMissileTimeStepScalar	1.0	0x2002	DEVELOPMENTONLY|REPLICATED	1	0	static	A
projectile_muzzleOffsetFirstPersonDecayDist	1000	0x2	DEVELOPMENTONLY	1	0	static	A
projectile_muzzleOffsetFirstPersonDecayMaxTime	0.3	0x2	DEVELOPMENTONLY	1	0	static	A
projectile_muzzleOffsetThirdPersonDecayDist	1000	0x2	DEVELOPMENTONLY	1	0	static	A
projectile_muzzleOffsetThirdPersonDecayMaxTime	0.1	0x2	DEVELOPMENTONLY	1	0	static	A
projectile_prediction	1	0x2002	DEVELOPMENTONLY|REPLICATED	1	0	static	A
projectile_predictionErrorCorrectTime	0.3	0x2	DEVELOPMENTONLY	1	0	static	A
projectile_prediction_move_to_impact	1	0x2	DEVELOPMENTONLY	1	0	static	A
projectile_whizby_newLengthCalc	0	0x2	DEVELOPMENTONLY	1	0	static	A
prop_front_to_back_opt	1	0x2	DEVELOPMENTONLY	1	0	static	A
prop_lightweightPropsSkipAnimData	0	0x2	DEVELOPMENTONLY	1	0	static	A
prop_survivalSkipsAnimData	1	0x2	DEVELOPMENTONLY	1	0	static	A
props_break_burst_rotation	100	0x2002	DEVELOPMENTONLY|REPLICATED	1	0	static	A
props_break_max_pieces	-1	0x2002	DEVELOPMENTONLY|REPLICATED	1	0	static	A
props_break_max_pieces_perframe	20	0x2002	DEVELOPMENTONLY|REPLICATED	1	0	static	A
ps5_activities_env		0x210	HIDDEN|USERINFO	0	0	static	A
ps5_enable_custom_haptics	1	0x2	DEVELOPMENTONLY	1	0	static	A
ps5_force_enable_adth	1	0x1000000	SCRIPTS_ONLY	1	0	static	A
ps5_fullmap_visible	0	0x2	DEVELOPMENTONLY	1	0	static	A
ps5_haptics_controller_imgui	0	0x2	DEVELOPMENTONLY	0	0	static	A
ps5_haptics_imgui	0	0x2	DEVELOPMENTONLY	1	0	static	A
ps5_l_trig_mode	0	0x2	DEVELOPMENTONLY	1	0	static	A
ps5_l_trig_strength	1	0x2	DEVELOPMENTONLY	1	0	static	A
ps5_l_trig_v_freq	55	0x2	DEVELOPMENTONLY	1	0	static	A
ps5_r_trig_mode	0	0x2	DEVELOPMENTONLY	1	0	static	A
ps5_r_trig_strength	1	0x2	DEVELOPMENTONLY	1	0	static	A
ps5_r_trig_v_freq	55	0x2	DEVELOPMENTONLY	1	0	static	A
ps5_trig_break	3	0x2	DEVELOPMENTONLY	1	0	static	A
ps5_trig_enable	1	0x1000000	SCRIPTS_ONLY	1	0	static	A
ps5_trig_incompatible	0	0x2	DEVELOPMENTONLY	1	0	static	A
ps5_trig_start	2	0x2	DEVELOPMENTONLY	1	0	static	A
pso_max_cache_size_MB	1000	0x2	DEVELOPMENTONLY	1	0	static	A
pso_send_store_error_to_backtrace	0	0x40000000	NO_MIN_MAX_CHECK	1	0	static	A
pso_use_threads_for_debug	1	0x2	DEVELOPMENTONLY	0	0	static	A
publication_hostname		0x80020	PROTECTED|ARCHIVE_XBOX	1	0	static	A
push_cl	1	0x2	DEVELOPMENTONLY	1	0	static	A
push_cl_always_update_prev_matrix	0	0x2	DEVELOPMENTONLY	1	0	static	A
push_debug	0	0x2002	DEVELOPMENTONLY|REPLICATED	1	0	static	A
push_debug_dont_kill	1	0x2002	DEVELOPMENTONLY|REPLICATED	0	0	static	A
push_debug_ent	-1	0x2002	DEVELOPMENTONLY|REPLICATED	0	0	static	A
push_debug_visualize_collision	0	0x2002	DEVELOPMENTONLY|REPLICATED	0	0	static	A
push_exit_traversal_if_goal_position_blocked	1	0x2002	DEVELOPMENTONLY|REPLICATED	1	0	static	A
push_ignore_animation_entity_blockers	1	0x2002	DEVELOPMENTONLY|REPLICATED	1	0	static	A
push_ragdolls	1	0x2002	DEVELOPMENTONLY|REPLICATED	1	0	static	A
push_search_along_traversal_during_crush_resolution	1	0x2002	DEVELOPMENTONLY|REPLICATED	1	0	static	A
putEntityInSafeSpot_maskExcludesMonster	0	0x2002	DEVELOPMENTONLY|REPLICATED	1	0	static	A
pve_debug		0x2002	DEVELOPMENTONLY|REPLICATED	0	0	static	A
pvs_addWorkItemsAccum	100	0x2	DEVELOPMENTONLY	1	0	static	A
pvs_addWorkItemsThreshold_edges	50	0x2	DEVELOPMENTONLY	1	0	static	A
pvs_addWorkItemsThreshold_leaves	5000	0x2	DEVELOPMENTONLY	1	0	static	A
pvs_cullBoxes	1	0x2	DEVELOPMENTONLY	1	0	static	A
pvs_debug	0	0x2	DEVELOPMENTONLY	1	0	static	A
pvs_debug_overlay	0	0x2	DEVELOPMENTONLY	0	0	static	A2
pvs_frustumCullOnly	0	0x2	DEVELOPMENTONLY	1	0	static	A
pvs_start_early	2	0x2	DEVELOPMENTONLY	1	0	static	A
r_AirboatViewDampenDamp	1.0	0x6000	REPLICATED|CHEAT	0	1	static	A
r_AirboatViewDampenFreq	7.0	0x6000	REPLICATED|CHEAT	0	1	static	A
r_AirboatViewZHeight	0.0	0x6000	REPLICATED|CHEAT	0	1	static	A
r_JeepViewDampenDamp	1.0	0x6000	REPLICATED|CHEAT	0	1	static	A
r_JeepViewDampenFreq	7.0	0x6000	REPLICATED|CHEAT	0	1	static	A
r_VehicleViewDampen	1	0x6000	REPLICATED|CHEAT	0	1	static	A
r_WaterDrawRefraction	1	0x2	DEVELOPMENTONLY	1	0	static	A
r_allow_unattached_skinned_decals	1	0x2	DEVELOPMENTONLY	1	0	static	A
r_always_track_idle_time	1	0x80000	ARCHIVE_XBOX	1	0	static	A
r_aspectratio	0	0x2	DEVELOPMENTONLY	1	0	static	A
r_blurmenubg	1	0x2	DEVELOPMENTONLY	1	0	static	A
r_brush_queue_mode	0	0x4000	CHEAT	1	1	static	A
r_brushmodel_create_all_render_batches	1	0x2	DEVELOPMENTONLY	1	0	static	A
r_check_models_for_decal_correctness_on_load	0	0x2	DEVELOPMENTONLY	0	0	static	A
r_cockpit_allow_extra_refract_update	0	0x2	DEVELOPMENTONLY	1	0	static	A
r_createmodeldecals	1	0x40000000	NO_MIN_MAX_CHECK	1	0	static	A
r_cull_decal_distance_factor	1.0	0x2	DEVELOPMENTONLY	1	0	static	A
r_cull_world_meshes_by_distance	1	0x2	DEVELOPMENTONLY	1	0	static	A
r_cullshadowworldmeshes	1	0x2	DEVELOPMENTONLY	1	0	static	A
r_debug_draw_box_depth_test	1	0x2	DEVELOPMENTONLY	1	0	static	A
r_decal_cover_count	4	0x2	DEVELOPMENTONLY	1	0	static	A
r_decal_cull_stretch_limit	0.707	0x4000	CHEAT	1	1	static	A
r_decal_draw_basis	0	0x2	DEVELOPMENTONLY	1	0	static	A
r_decal_drawclipped	0	0x4000	CHEAT	0	1	static	A
r_decal_overlap_area	1.0	0x2	DEVELOPMENTONLY	1	0	static	A
r_decal_overlap_count	3	0x2	DEVELOPMENTONLY	1	0	static	A
r_decal_test_scale	1.0	0x2	DEVELOPMENTONLY	1	0	static	A
r_decals	256	0x40000000	NO_MIN_MAX_CHECK	1	0	static	A
r_deferred_decals	1	0x2	DEVELOPMENTONLY	1	0	static	A
r_deffer_sticker_creation	1	0x2	DEVELOPMENTONLY	1	0	static	A
r_delay_texture_destroy	1	0x2	DEVELOPMENTONLY	1	0	static	A
r_ditherFade	1	0x4000	CHEAT	1	1	static	A
r_ditherFadeShadows	1	0x4000	CHEAT	1	1	static	A
r_do_not_allow_more_odl_loads	0	0x2	DEVELOPMENTONLY	0	0	static	A
r_drawDecals			(動的登録: 既定値は静的取得不可)	1	0	dynamic	C
r_draw_cubemap_target_lines	0	0x2	DEVELOPMENTONLY	0	0	static	A2
r_draw_cubemap_volume_depthtest	1	0x2	DEVELOPMENTONLY	1	0	static	A2
r_draw_cubemap_volume_priority	0	0x2	DEVELOPMENTONLY	0	0	static	A2
r_draw_cubemap_volumes	0	0x2	DEVELOPMENTONLY	0	0	static	A2
r_draw_cubemaps	0	0x2	DEVELOPMENTONLY	0	0	static	A2
r_draw_skybox_before_ss_effects	1	0x40000000	NO_MIN_MAX_CHECK	1	0	static	A
r_drawallrenderables	0	0x4000	CHEAT	1	1	static	A
r_drawalphasort	1	0x4000	CHEAT	1	1	static	A
r_drawbrushmodels	1	0x4000	CHEAT	1	1	static	A
r_drawdecals	1	0x4000	CHEAT	1	1	static	A
r_drawdepth_of_blend2transparent	1	0x2	DEVELOPMENTONLY	1	0	static	A
r_drawdlights	0	0x4000	CHEAT	1	1	static	A
r_drawentities	1	0x4000	CHEAT	1	1	static	A
r_drawlight_simple	0	0x4000	CHEAT	0	1	static	A2
r_drawlight_ztest	1	0x4000	CHEAT	0	1	static	A2
r_drawlightdist	4000	0x4000	CHEAT	0	1	static	A
r_drawlightinfo	0	0x4000	CHEAT	0	1	static	A
r_drawmodelsinzfill	1	0x4000	CHEAT	1	1	static	A
r_drawopaquerenderables	1	0x4000	CHEAT	0	1	static	A
r_drawopaquestaticprops	1	0x4000	CHEAT	0	1	static	A
r_drawparticles	1	0x4000	CHEAT	1	1	static	A
r_drawrenderboxes	0	0x4000	CHEAT	0	1	static	A
r_drawscreenspaceparticles	1	0x2	DEVELOPMENTONLY	1	0	static	A
r_drawsky	1	0x4000	CHEAT	1	1	static	A
r_drawsky_depth_prepass	1	0x80000	ARCHIVE_XBOX	1	0	static	A
r_drawstaticlight	0	0x4000	CHEAT	0	1	static	A
r_drawstaticprops	1	0x4000	CHEAT	1	1	static	A
r_drawtracers	1	0x4000	CHEAT	1	1	static	A
r_drawtransrenderables	1	0x4000	CHEAT	1	1	static	A
r_drawvgui	1	0x4000	CHEAT	1	1	static	A2
r_drawviewmodel	1	0x4000	CHEAT	1	1	static	A
r_drawworld	3	0x40004000	CHEAT|NO_MIN_MAX_CHECK	0	1	static	A
r_drawworld_color_bindless	1	0x40000000	NO_MIN_MAX_CHECK	1	0	static	A
r_drawworld_depth_bindless	1	0x40000000	NO_MIN_MAX_CHECK	1	0	static	A
r_dynamic	1	0x80000	ARCHIVE_XBOX	0	0	static	A
r_earlyRenderables	1	0x2	DEVELOPMENTONLY	1	0	static	A
r_enable_rendering_jobs	1	0x40000000	NO_MIN_MAX_CHECK	1	0	static	A
r_fadeincode	0	0x2	DEVELOPMENTONLY	1	0	static	A
r_farz	-1	0x4000	CHEAT	1	1	static	A
r_fix_decal_mirroring	1	0x2	DEVELOPMENTONLY	1	0	static	A
r_gpu_calibration_frequency	1000	0x80000	ARCHIVE_XBOX	0	0	static	A
r_heightmapRendererLodPixelErrorThres	6	0x2	DEVELOPMENTONLY	1	0	static	A
r_heightmapRendererShadowDynamicBias	0	0x2	DEVELOPMENTONLY	1	0	static	A
r_heightmapRendererShadowStaticBias	5.0	0x2	DEVELOPMENTONLY	1	0	static	A
r_heightmapRendererShadowStaticLodErrorThres	5.0	0x2	DEVELOPMENTONLY	1	0	static	A
r_include_idle_in_gpu_times	0	0x80000	ARCHIVE_XBOX	1	0	static	A
r_jiggle_bones	1	0x2	DEVELOPMENTONLY	1	0	static	A
r_jobified_build_particle_list	1	0x2	DEVELOPMENTONLY	1	0	static	A
r_jobify_update_dummies	1	0x2	DEVELOPMENTONLY	1	0	static	A
r_lightmap	-1	0x804000	CHEAT|ALLOWED_IN_MATCHMAKING	0	1	static	A
r_lightprobe_force_trans_dist	2000	0x2	DEVELOPMENTONLY	1	0	static	A
r_lightstyle	-1	0x804000	CHEAT|ALLOWED_IN_MATCHMAKING	0	1	static	A
r_lod	-1	0x2	DEVELOPMENTONLY	1	0	static	A
r_lod_shift	0	0x2	DEVELOPMENTONLY	1	0	static	A
r_lod_switch_scale	1	0x40000000	NO_MIN_MAX_CHECK	1	0	static	A
r_main_view_spline_pixel_scale	1.0	0x4000	CHEAT	1	1	static	A
r_mapextents	16384	0x4000	CHEAT	1	1	static	A
r_modeldecal_maxtotal	75	0x2	DEVELOPMENTONLY	1	0	static	A
r_modeldecal_transform_non_rigid	1	0x2	DEVELOPMENTONLY	1	0	static	A
r_nearz	7	0x2	DEVELOPMENTONLY	1	0	static	A
r_norefresh	0	0x2	DEVELOPMENTONLY	0	0	static	A
r_particle_batching_size_razor	1.2	0x2	DEVELOPMENTONLY	1	0	static	A
r_particle_lighting_debug	0	0x2	DEVELOPMENTONLY	1	0	static	A
r_particle_lighting_enable	1	0x2	DEVELOPMENTONLY	1	0	static	A
r_particle_lighting_force	0	0x2	DEVELOPMENTONLY	1	0	static	A
r_particle_low_res_debug	0	0x2	DEVELOPMENTONLY	1	0	static	A
r_particle_low_res_indirect	0	0x2	DEVELOPMENTONLY	1	0	static	A
r_particle_low_res_predraw	0	0x40000000	NO_MIN_MAX_CHECK	1	0	static	A
r_particle_low_res_tiled_clear	1	0x2	DEVELOPMENTONLY	1	0	static	A
r_particle_sim_spike_increment_ms	0.25	0x2	DEVELOPMENTONLY	1	0	static	A
r_particle_sim_spike_threshold_ms	0	0x2	DEVELOPMENTONLY	1	0	static	A
r_particle_timescale	1.0	0x2	DEVELOPMENTONLY	1	0	static	A
r_particles_early_distance_cull	1	0x2	DEVELOPMENTONLY	1	0	static	A
r_rimlight	0	0x2	DEVELOPMENTONLY	1	0	static	A
r_rootlod	0	0x4800002	DEVELOPMENTONLY|ALLOWED_IN_MATCHMAKING|EXEC_ONLY	1	0	static	A
r_ropetranslucent	1	0x2	DEVELOPMENTONLY	1	0	static	A
r_runtimeVirtualTextureAllowStreamRequests	1	0xa	DEVELOPMENTONLY|CLIENTDLL	0	0	static	A2
r_runtimeVirtualTextureCompositeMipBiasMotionMax	0.1	0xa	DEVELOPMENTONLY|CLIENTDLL	1	0	static	A
r_runtimeVirtualTextureCompositeMipBiasMotionWeight	20.0	0xa	DEVELOPMENTONLY|CLIENTDLL	1	0	static	A
r_runtimeVirtualTextureCompositeRequestMipDistMax	2.25	0xa	DEVELOPMENTONLY|CLIENTDLL	1	0	static	A
r_runtimeVirtualTextureCompositeStochasticTextureBlendExponent	4	0xa	DEVELOPMENTONLY|CLIENTDLL	1	0	static	A2
r_runtimeVirtualTextureDecalBlockCullAlphaCutoff	0.008	0xa	DEVELOPMENTONLY|CLIENTDLL	1	0	static	A2
r_runtimeVirtualTextureDecalMinPixelWidth	4	0xa	DEVELOPMENTONLY|CLIENTDLL	1	0	static	A2
r_runtimeVirtualTextureDistanceStreamingMipBiasLerp	0.05	0xa	DEVELOPMENTONLY|CLIENTDLL	1	0	static	A
r_runtimeVirtualTextureDistanceStreamingScale	1.5	0xa	DEVELOPMENTONLY|CLIENTDLL	1	0	static	A
r_runtimeVirtualTextureMipBiasBase	0.0	0xa	DEVELOPMENTONLY|CLIENTDLL	1	0	static	A2
r_runtimeVirtualTextureMipBiasLerp	0.01	0xa	DEVELOPMENTONLY|CLIENTDLL	1	0	static	A2
r_runtimeVirtualTextureMipBiasPerMissedAllocation	0.1	0xa	DEVELOPMENTONLY|CLIENTDLL	1	0	static	A2
r_runtimeVirtualTextureWriteIdsAndWeightsOptimized	0	0xa	DEVELOPMENTONLY|CLIENTDLL	1	0	static	A2
r_s29_lighting_mode	1	0x40000000	NO_MIN_MAX_CHECK	1	0	static	A2
r_setupBoneWorkSize	10	0x4000	CHEAT	1	1	static	A
r_setupBoneWorkerThreadhold	1	0x4000	CHEAT	1	1	static	A
r_setupBoneWortSort	1	0x4000	CHEAT	1	1	static	A
r_skin_skip_invalid_materials	1	0x40000000	NO_MIN_MAX_CHECK	1	0	static	A
r_skip_baked_lights_if_strict_realtime	1	0x2	DEVELOPMENTONLY	1	0	static	A
r_sky_ignoreAngles	0	0x4000	CHEAT	1	1	static	A
r_sort_trans_debug	0	0x2	DEVELOPMENTONLY	0	0	static	A
r_sort_trans_debug_dist	2000	0x2	DEVELOPMENTONLY	0	0	static	A
r_terrainCollisionSkirts	1	0x80000	ARCHIVE_XBOX	1	0	static	A
r_terrainDrawPatchCountMax	8192	0x2	DEVELOPMENTONLY	1	0	static	A2
r_terrainDynamicLightMaxCount	512	0x2	DEVELOPMENTONLY	1	0	static	A2
r_terrainHeightCacheHeightInTiles	12	0x2	DEVELOPMENTONLY	1	0	static	A2
r_terrainHeightCacheWidthInTilesLog2	3	0x2	DEVELOPMENTONLY	1	0	static	A2
r_terrainLod0RadiusInTiles	TERRAIN_HEIGHTMAP_LOD0_RADIUS_VERY_HIGH	0x2	DEVELOPMENTONLY	1	0	static	A2
r_terrainLodPatchCountMax	8192	0x2	DEVELOPMENTONLY	1	0	static	A2
r_terrainShaderLODDist	100000	0x2	DEVELOPMENTONLY	1	0	static	A
r_terrainUseLargestCubemap	1	0x2	DEVELOPMENTONLY	0	0	static	A2
r_terrainVirtualTextureBackgroundMipMin	11	0x2	DEVELOPMENTONLY	1	0	static	A
r_terrainVirtualTextureCacheHeightInTiles	24	0x2	DEVELOPMENTONLY	1	0	static	A2
r_terrainVirtualTextureCacheWidthInTilesLog2	5	0x2	DEVELOPMENTONLY	1	0	static	A2
r_terrainVirtualTextureCompactCache	0	0x2	DEVELOPMENTONLY	1	0	static	A2
r_terrainVirtualTextureCompositeRequestMaxCount	256	0x2	DEVELOPMENTONLY	1	0	static	A2
r_terrainVirtualTextureCompositeTilesPerFrameMax	6	0x2	DEVELOPMENTONLY	1	0	static	A
r_terrainVirtualTextureMipMin	0	0x2	DEVELOPMENTONLY	1	0	static	A2
r_terrainVirtualTextureUseCompressedSplatmap	1	0x2	DEVELOPMENTONLY	1	0	static	A2
r_terrainVirtualTextureUseDistanceStreaming	0	0x2	DEVELOPMENTONLY	1	0	static	A2
r_threaded_particles	1	0x2	DEVELOPMENTONLY	1	0	static	A
r_updaterefracttexture	1	0x4000	CHEAT	1	1	static	A
r_updaterefracttexture_allowmultiple	0	0x2	DEVELOPMENTONLY	1	0	static	A
r_visambient	0	0x2	DEVELOPMENTONLY	0	0	static	A
r_visambient_orig	0	0x2	DEVELOPMENTONLY	0	0	static	A
r_visambient_point	0	0x2	DEVELOPMENTONLY	0	0	static	A
r_vismodellighting_lightpos	0	0x4000	CHEAT	0	1	static	A
r_vismodellighting_maxdist	1000.0	0x4000	CHEAT	0	1	static	A
r_vismodellighting_mindist	48.0	0x4000	CHEAT	0	1	static	A
r_vismodellighting_offset_x	0	0x4000	CHEAT	0	1	static	A
r_vismodellighting_offset_y	0	0x4000	CHEAT	0	1	static	A
r_vismodellighting_offset_z	0	0x4000	CHEAT	1	1	static	A
r_vissky_cone	0	0x2	DEVELOPMENTONLY	0	0	static	A
r_vissun_transitions	0	0x2	DEVELOPMENTONLY	1	0	static	A2
r_visualizeproplightcaching	0	0x2	DEVELOPMENTONLY	1	0	static	A
r_visualizetraces	0	0x4000	CHEAT	1	1	static	A
r_visualizetraces_duration	0.5	0x2	DEVELOPMENTONLY	1	0	static	A
r_visualizetraceshulls	0	0x4000	CHEAT	1	1	static	A
r_volumetric_lighting_blur_count	2	0x2	DEVELOPMENTONLY	1	0	static	A
r_volumetric_lighting_blur_type	1	0x2	DEVELOPMENTONLY	1	0	static	A
r_volumetric_lighting_defer_init	0	0x4000	CHEAT	1	1	static	A
r_volumetric_lighting_enabled	2	0x2	DEVELOPMENTONLY	1	0	static	A
r_volumetric_lighting_min_relative_contribution	0.02	0x2	DEVELOPMENTONLY	1	0	static	A
r_volumetric_lighting_numSteps	10	0x2	DEVELOPMENTONLY	1	0	static	A
r_volumetric_lighting_rotate_dither	0	0x2	DEVELOPMENTONLY	1	0	static	A
r_water_draw_env_volumes	0	0x2	DEVELOPMENTONLY	0	0	static	A
r_water_draw_mode	0	0x2	DEVELOPMENTONLY	0	0	static	A
r_water_force_envmap	-1	0x2	DEVELOPMENTONLY	0	0	static	A
r_water_render_only_body	-1	0x2	DEVELOPMENTONLY	0	0	static	A
r_water_rendering_enabled	1	0x2	DEVELOPMENTONLY	0	0	static	A
r_water_use_irradiance_volume	0	0x2	DEVELOPMENTONLY	1	0	static	A
r_water_wave_debug	0	0x2	DEVELOPMENTONLY	0	0	static	A
r_water_wireframe	0	0x2	DEVELOPMENTONLY	0	0	static	A
r_watersim_debug	0	0x2	DEVELOPMENTONLY	0	0	static	A
r_watersim_enabled_override	-1	0x2	DEVELOPMENTONLY	0	0	static	A
r_wave_fx_debug_emitters	0	0x2	DEVELOPMENTONLY	0	0	static	A
r_wave_fx_enabled	1	0x2	DEVELOPMENTONLY	0	0	static	A
r_wave_fx_progress_tolerance	0.03	0x2	DEVELOPMENTONLY	1	0	static	A
r_wave_fx_start_progress	0.51	0x2	DEVELOPMENTONLY	1	0	static	A
r_wave_fx_view_radius	2000	0x2	DEVELOPMENTONLY	1	0	static	A
r_wideAspect_adjustNearZEnabled	1	0x2	DEVELOPMENTONLY	1	0	static	A
r_wideAspect_minLimit	0.4	0x2	DEVELOPMENTONLY	1	0	static	A
r_wideAspect_startRange	1.77777778	0x2	DEVELOPMENTONLY	1	0	static	A
r_zfill	1	0x4000	CHEAT	1	1	static	A
r_zfill_all	1	0x40000000	NO_MIN_MAX_CHECK	1	0	static	A
r_zfill_all_lobby	1	0x4000	CHEAT	1	1	static	A
r_zfill_heightmap	1	0x4000	CHEAT	1	1	static	A
r_zfill_opaque_renderables	0	0x4000	CHEAT	1	1	static	A
r_zfill_static_props	0	0x4000	CHEAT	1	1	static	A
r_zfill_static_props_deferred	1	0x40000000	NO_MIN_MAX_CHECK	1	0	static	A
r_zfill_world_meshes	0	0x4000	CHEAT	1	1	static	A
r_zfill_world_occluder	1	0x4000	CHEAT	1	1	static	A
ragdoll_debug	0	0x2002	DEVELOPMENTONLY|REPLICATED	0	0	static	A
ragdoll_sleepaftertime	5	0x2	DEVELOPMENTONLY	1	0	static	A
ranked_champion_trails_enabled	1	0x2002	DEVELOPMENTONLY|REPLICATED	0	0	static	A
ranked_current_period_guidstring	SAID00056765722	0x2002	DEVELOPMENTONLY|REPLICATED	1	0	static	A
ranked_current_period_start_score	1	0x2002	DEVELOPMENTONLY|REPLICATED	1	0	static	A
ranked_disable_full_bonus_system		0x2002	DEVELOPMENTONLY|REPLICATED	0	0	static	A
ranked_disable_placement_matches	1	0x2002	DEVELOPMENTONLY|REPLICATED	0	0	static	A
ranked_disable_point_gain		0x2002	DEVELOPMENTONLY|REPLICATED	0	0	static	A
ranked_disable_promo_trials	1	0x2002	DEVELOPMENTONLY|REPLICATED	0	0	static	A
ranked_enable_2pt0_cross_split_reward	1	0x2002	DEVELOPMENTONLY|REPLICATED	0	0	static	A
ranked_enable_non_ranked_score_position	1	0x2002	DEVELOPMENTONLY|REPLICATED	0	0	static	A
ranked_enable_old_kill_bonus		0x2002	DEVELOPMENTONLY|REPLICATED	0	0	static	A
ranked_enable_road_to_ranked	1	0x2002	DEVELOPMENTONLY|REPLICATED	0	0	static	A
ranked_event_enabled	1	0x2002	DEVELOPMENTONLY|REPLICATED	0	0	static	A
ranked_event_entry_cost_disabled	1	0x2002	DEVELOPMENTONLY|REPLICATED	0	0	static	A
ranked_event_leaderboard_hard_pick_duration	43200	0x2002	DEVELOPMENTONLY|REPLICATED	0	0	static	A
ranked_event_loss_forgiveness_disabled	1	0x2002	DEVELOPMENTONLY|REPLICATED	0	0	static	A
ranked_event_trail_reward_enabled	1	0x2002	DEVELOPMENTONLY|REPLICATED	0	0	static	A
ranked_league_debug	0	0x2	DEVELOPMENTONLY	0	0	static	A
ranked_league_enabled	0	0x2002	DEVELOPMENTONLY|REPLICATED	0	0	static	A
ranked_reward_has_min_match_requirement	1	0x2002	DEVELOPMENTONLY|REPLICATED	0	0	static	A
rankedplay_display_enabled	0	0x1000000	SCRIPTS_ONLY	0	0	static	A
rankedplay_voice_enabled	0	0x1000000	SCRIPTS_ONLY	0	0	static	A
raw_input_client_send_enable	0	0x80020	PROTECTED|ARCHIVE_XBOX	1	0	static	A
raw_input_collection_disable	1	0x2002	DEVELOPMENTONLY|REPLICATED	1	0	static	A
raw_input_deadzone	1024	0x2002	DEVELOPMENTONLY|REPLICATED	1	0	static	A
raw_input_fileoutput_cl	0	0x2	DEVELOPMENTONLY	0	0	static	A
reactive_wakeOnStop	1	0x2	DEVELOPMENTONLY	1	0	static	A
real_time_update_dt	0.001	0x2	DEVELOPMENTONLY	1	0	static	A
realms_add_child_to_parent_by_default	0	0x2002	DEVELOPMENTONLY|REPLICATED	0	0	static	A
realms_script_error_on_parenting_mismatch	0	0x2002	DEVELOPMENTONLY|REPLICATED	0	0	static	A
reassignPendingVMFXHandlesOnUpdate	0	0x82000	REPLICATED|ARCHIVE_XBOX	1	0	static	A
recalculateOrigin_threaded_chunksize	50	0x2	DEVELOPMENTONLY	1	0	static	A
recommendations_hostname		0x2	DEVELOPMENTONLY	1	0	static	A
reconnect_available_timespan	2400	0x2	DEVELOPMENTONLY	1	0	static	A
reconnect_cache_delete	1	0x80000	ARCHIVE_XBOX	1	0	static	A
reconnect_check_user_id	1	0x2	DEVELOPMENTONLY	1	0	static	A
reconnect_debug	0	0x2	DEVELOPMENTONLY	0	0	static	A
reconnect_delay	0	0x2	DEVELOPMENTONLY	1	0	static	A
reconnect_enabled	1	0x2	DEVELOPMENTONLY	1	0	static	A
reconnect_party_enabled	1	0x2	DEVELOPMENTONLY	1	0	static	A
reconnect_timeout	300	0x2	DEVELOPMENTONLY	1	0	static	A
remote_function_clear_stats_on_game_state_change	0	0x2	DEVELOPMENTONLY	0	0	static	A
remote_function_pin_tracking	1	0x2	DEVELOPMENTONLY	1	0	static	A
rendering_debug_overlay	0	0x2	DEVELOPMENTONLY	0	0	static	A2
replay_enable	1	0x2002	DEVELOPMENTONLY|REPLICATED	1	0	static	A
replay_prediction_smooth	1	0x2	DEVELOPMENTONLY	0	0	static	A
replay_sendNetMessages	1	0x2	DEVELOPMENTONLY	1	0	static	A
report_cliententitysim	0	0x4000	CHEAT	0	1	static	A
report_clientthinklist	0	0x4000	CHEAT	1	1	static	A
report_legacy_attachment_errors	0	0x2	DEVELOPMENTONLY	1	0	static	A
resource_binder_validate_transition_state	1	0x2	DEVELOPMENTONLY	0	0	static	A
reticle_color		0x41000000	SCRIPTS_ONLY|NO_MIN_MAX_CHECK	0	0	static	A
rhi_data_upload_ms_to_wait_before_helping	5	0x40000000	NO_MIN_MAX_CHECK	1	0	static	A
rhi_dx12_present_do_not_wait	0	0x2	DEVELOPMENTONLY	1	0	static	A
rhi_dx12_present_restart	0	0x2	DEVELOPMENTONLY	1	0	static	A
ribbon_visibility_fx_enable	1	0x2	DEVELOPMENTONLY	1	0	static	A
roamingcam_altitudeLocked	0	0x2	DEVELOPMENTONLY	1	0	static	A
roamingcam_cameraspacemotion	0	0x2	DEVELOPMENTONLY	1	0	static	A
roamingcam_downSpeedMult	0.5	0x2	DEVELOPMENTONLY	1	0	static	A
roamingcam_fakeTeam	0	0x2	DEVELOPMENTONLY	1	0	static	A
roamingcam_forwardSpeed	100	0x2	DEVELOPMENTONLY	1	0	static	A
roamingcam_forwardSpeed_fast	1000	0x2	DEVELOPMENTONLY	1	0	static	A
roamingcam_forwardSpeed_slow	10	0x2	DEVELOPMENTONLY	1	0	static	A
roamingcam_moveCollisionThreshold	5	0x2	DEVELOPMENTONLY	1	0	static	A
roamingcam_movecollision	0	0x2	DEVELOPMENTONLY	1	0	static	A
roamingcam_movesmoothing	1	0x2	DEVELOPMENTONLY	1	0	static	A
roamingcam_rollSpeed	40	0x2	DEVELOPMENTONLY	1	0	static	A
roamingcam_roll_smoothtime	0.4	0x2	DEVELOPMENTONLY	1	0	static	A
roamingcam_rollsmoothing	0	0x2	DEVELOPMENTONLY	1	0	static	A
roamingcam_serverupdateinterval	1.0	0x2	DEVELOPMENTONLY	1	0	static	A
roamingcam_sideSpeedMult	1	0x2	DEVELOPMENTONLY	1	0	static	A
roamingcam_smoothcam_downSpeedMultiplier	0.3	0x2	DEVELOPMENTONLY	1	0	static	A
roamingcam_smoothcam_enabled	0	0x2	DEVELOPMENTONLY	1	0	static	A
roamingcam_smoothcam_smoothtime	0.4	0x2	DEVELOPMENTONLY	1	0	static	A
roamingcam_smoothtime	0.15	0x2	DEVELOPMENTONLY	1	0	static	A
roamingcam_speedChangeRate	25	0x2	DEVELOPMENTONLY	1	0	static	A
roamingcam_viewsmoothing	0	0x2	DEVELOPMENTONLY	1	0	static	A
rodeo_camera_smooth_blend_out_time	0.4	0x2	DEVELOPMENTONLY	1	0	static	A
rodeo_camera_smooth_enable	1	0x2	DEVELOPMENTONLY	1	0	static	A
rodeoed_anims_enabled	0	0x2	DEVELOPMENTONLY	1	0	static	A
rope_collide	1	0x2	DEVELOPMENTONLY	1	0	static	A
rope_debug_shake	0	0x2	DEVELOPMENTONLY	0	0	static	A
rope_parallelMeshBuilder	1	0x2	DEVELOPMENTONLY	1	0	static	A
rope_regenMeshEachDraw	0	0x2	DEVELOPMENTONLY	1	0	static	A
rope_shake	0	0x2	DEVELOPMENTONLY	1	0	static	A
rope_texels_per_world_unit	8	0x2	DEVELOPMENTONLY	1	0	static	A
rope_visibility_fx_enable	1	0x2	DEVELOPMENTONLY	0	0	static	A
rope_wiggle_harmonic_falloff	0.75	0x2	DEVELOPMENTONLY	1	0	static	A
rope_wiggle_magnitude_loose	.04	0x2	DEVELOPMENTONLY	1	0	static	A
rope_wiggle_magnitude_tight	.002	0x2	DEVELOPMENTONLY	1	0	static	A
rope_wiggle_oscillate_speed	64	0x2	DEVELOPMENTONLY	1	0	static	A
rope_wiggle_rotate_speed	2	0x2	DEVELOPMENTONLY	1	0	static	A
rope_wiggle_zipline_min_points	80	0x2	DEVELOPMENTONLY	1	0	static	A
rope_wind_dist	1000	0x2	DEVELOPMENTONLY	1	0	static	A
rotate_ents	0	0x2	DEVELOPMENTONLY	1	0	static	A
rppMatchMaking_disablePlaylistOverride	0	0x22	DEVELOPMENTONLY|PROTECTED	0	0	static	A
rpp_assignment_enabled	1	0x2012	DEVELOPMENTONLY|HIDDEN|REPLICATED	0	0	static	A
rpp_match_making_enabled	1	0x2002	DEVELOPMENTONLY|REPLICATED	0	0	static	A
rprof_dump_with_compression	1	0x2	DEVELOPMENTONLY	0	0	static	A
rprof_dump_with_deltacompression	1	0x2	DEVELOPMENTONLY	0	0	static	A
rprof_no_devnet	0	0x40000000	NO_MIN_MAX_CHECK	0	0	static	A
rprof_prune_path_from_draw_events	0	0x2	DEVELOPMENTONLY	0	0	static	A
rspn_motd		0x2	DEVELOPMENTONLY	0	0	static	A
rt_forcewake	0	0x2	DEVELOPMENTONLY	1	0	static	A
rt_sleep	1	0x80000	ARCHIVE_XBOX	1	0	static	A
rt_worker	1	0x80000	ARCHIVE_XBOX	1	0	static	A
rtk_alwaysreparse	0	0x2	DEVELOPMENTONLY	0	0	static	A
rtk_cache_max_memory	8	0x2002	DEVELOPMENTONLY|REPLICATED	1	0	static	A
rtk_cache_policy	0	0x2002	DEVELOPMENTONLY|REPLICATED	1	0	static	A
rtk_clearCacheAfterLeavingLobby	0	0x2	DEVELOPMENTONLY	1	0	static	A
rtk_dpadnavigation_debug	0	0x2	DEVELOPMENTONLY	1	0	static	A
rtk_enableErrorPopup	0	0x2	DEVELOPMENTONLY	0	0	static	A
rtk_enableLaserScreen	0	0x80000	ARCHIVE_XBOX	0	0	static	A
rtk_enableRTL	1	0x2	DEVELOPMENTONLY	1	0	static	A
rtk_enableStatsScreen	1	0x80000	ARCHIVE_XBOX	0	0	static	A
rtk_handle_clean_rate	0.15	0x80000	ARCHIVE_XBOX	1	0	static	A
rtk_parallelClone	0	0x2002	DEVELOPMENTONLY|REPLICATED	1	0	static	A
rtk_parser_enable_extra_checks	0	0x2	DEVELOPMENTONLY	1	0	static	A
rtk_styleConstantsDefault	constants/default	0x2	DEVELOPMENTONLY	1	0	static	A
rtk_useconstants	1	0x2	DEVELOPMENTONLY	1	0	static	A
rtk_verboseLogging	0	0x2	DEVELOPMENTONLY	0	0	static	A
rtk_vgui_use_defered_creation_order	1	0x2	DEVELOPMENTONLY	1	0	static	A
rtm_force_disconnect_on_switch	1	0x2	DEVELOPMENTONLY	0	0	static	A
ruiPanel_resArgName	actualRes	0x2	DEVELOPMENTONLY	1	0	static	A
rui_asyncTracks	0	0x2	DEVELOPMENTONLY	1	0	static	A
rui_defaultDebugFontFace	ArameMono	0x2	DEVELOPMENTONLY	1	0	static	A
rui_defaultFontFace	DefaultRegularFont	0x2	DEVELOPMENTONLY	1	0	static	A
rui_defaultFontHeight	28	0x2	DEVELOPMENTONLY	1	0	static	A
rui_depth_write_enabled	1	0x2	DEVELOPMENTONLY	1	0	static	A
rui_depth_write_prepass	0	0x2	DEVELOPMENTONLY	1	0	static	A
rui_overrideVguiTextRendering	1	0x2	DEVELOPMENTONLY	1	0	static	A
rui_padDist	0.7	0x2	DEVELOPMENTONLY	1	0	static	A
rui_safeAreaFrac	0.0	0x2	DEVELOPMENTONLY	1	0	static	A
rui_script_call_optimization	1	0x2	DEVELOPMENTONLY	1	0	static	A
rui_staticPropLimit	51	0x2	DEVELOPMENTONLY	1	0	static	A
rui_text_drawing_enabled	1	0x2	DEVELOPMENTONLY	0	0	static	A
rui_textcache_logstats_period	0	0x2	DEVELOPMENTONLY	0	0	static	A
rui_useWidgetDraws	0	0x2	DEVELOPMENTONLY	1	0	static	A
save_enable	0	0x2	DEVELOPMENTONLY	1	0	static	A
scheme_manager_font_debug	0	0x2	DEVELOPMENTONLY	1	0	static	A
scr_centertime	2	0x2	DEVELOPMENTONLY	1	0	static	A
screen_indicator_back_range	60.0	0x2	DEVELOPMENTONLY	1	0	static	A
screen_indicator_ellipse_height	0.75	0x2	DEVELOPMENTONLY	1	0	static	A
screen_indicator_ellipse_width	0.85	0x2	DEVELOPMENTONLY	1	0	static	A
screen_indicator_pitch_limit	75.0	0x2	DEVELOPMENTONLY	1	0	static	A
screen_indicator_pitch_scale	2.0	0x2	DEVELOPMENTONLY	1	0	static	A
screenfade_debug	0	0x2	DEVELOPMENTONLY	0	0	static	A
scriptNetVar_categoryAsserts	1	0x2	DEVELOPMENTONLY	0	0	static	A
script_assert_on_dst_offset_error	1	0x2002	DEVELOPMENTONLY|REPLICATED	0	0	static	A
script_compile_all_levels	0	0x2	DEVELOPMENTONLY	0	0	static	A
script_compile_debug_dump_rprof	0	0x2002	DEVELOPMENTONLY|REPLICATED	0	0	static	A
script_compile_debug_track_timing	1	0x2002	DEVELOPMENTONLY|REPLICATED	1	0	static	A
script_compile_debug_verbose_logging	0	0x2002	DEVELOPMENTONLY|REPLICATED	0	0	static	A
script_debugger_connect_client_on_mapspawn	0	0x2	DEVELOPMENTONLY	1	0	static	A
script_debugger_connect_ui_auto		0x2	DEVELOPMENTONLY	1	0	static	A
script_debugger_host	localhost	0x2002	DEVELOPMENTONLY|REPLICATED	1	0	static	A
script_debugger_port_client	15101	0x2	DEVELOPMENTONLY	1	0	static	A
script_debugger_port_server	15100	0x2	DEVELOPMENTONLY	1	0	static	A
script_debugger_port_ui	15102	0x2	DEVELOPMENTONLY	1	0	static	A
script_disallow_newslot_on_globals	0	0x2002	DEVELOPMENTONLY|REPLICATED	1	0	static	A
script_div_0_script_error	1	0x2	DEVELOPMENTONLY	1	0	static	A
script_dump_simple	1	0x2002	DEVELOPMENTONLY|REPLICATED	0	0	static	A
script_eat_NOOPs	1	0x2002	DEVELOPMENTONLY|REPLICATED	1	0	static	A
script_enable_ranked_game_state_pin	1	0x2	DEVELOPMENTONLY	0	0	static	A
script_enable_sort_challenge_flavs_by_progress_verify	0	0x80000	ARCHIVE_XBOX	1	0	static	A
script_enable_sort_challenge_flavs_by_progress_with_cache	1	0x80000	ARCHIVE_XBOX	0	0	static	A
script_infinite_loop_ms	0	0x2002	DEVELOPMENTONLY|REPLICATED	0	0	static	A
script_localize_arg_overflow_raise_error	0	0x2	DEVELOPMENTONLY	1	0	static	A
script_mover_traversal_mover_support	1	0x2002	DEVELOPMENTONLY|REPLICATED	0	0	static	A
script_obfuscated_id_magic	0	0x2	DEVELOPMENTONLY	1	0	static	A
script_obfuscated_id_technique	2	0x2	DEVELOPMENTONLY	1	0	static	A
script_parallel_trace_LOS_multiple	1	0x2002	DEVELOPMENTONLY|REPLICATED	1	0	static	A
script_precache_errors	1	0x6000	REPLICATED|CHEAT	0	1	static	A
script_printDeferredCalls	0	0x2002	DEVELOPMENTONLY|REPLICATED	0	0	static	A
script_ranked_debug	0	0x2002	DEVELOPMENTONLY|REPLICATED	0	0	static	A
script_retry_after_compile_errors	0	0x2	DEVELOPMENTONLY	1	0	static	A
script_showErrorDialogs	1	0x2	DEVELOPMENTONLY	1	0	static	A
script_slopTimeBeforeBudgetEnforcement	30	0x2	DEVELOPMENTONLY	0	0	static	A
script_threads_wait_check_differential_against_zero	0	0x2002	DEVELOPMENTONLY|REPLICATED	1	0	static	A
script_tracehull_square_check	0	0x2002	DEVELOPMENTONLY|REPLICATED	1	0	static	A
script_weapon_mythic_multikill_kill_threshold	2	0x2	DEVELOPMENTONLY	0	0	static	A
script_weapon_mythic_multikill_roll_chance	0.5	0x2	DEVELOPMENTONLY	0	0	static	A
script_weapon_mythic_multikill_variety_timeout_sec	300	0x2	DEVELOPMENTONLY	0	0	static	A
script_weapon_mythic_vo_delay_sec	4.5	0x2	DEVELOPMENTONLY	0	0	static	A
scriptremotefunctions_assert_on_bad_params	1	0x2	DEVELOPMENTONLY	0	0	static	A
scriptremotefunctions_checkRestrictedType	1	0x2	DEVELOPMENTONLY	1	0	static	A
scriptremotefunctions_debug	0	0x2	DEVELOPMENTONLY	0	0	static	A
scriptremotefunctions_dropNullEntity	0	0x2	DEVELOPMENTONLY	1	0	static	A
scriptremotefunctions_enforceTypedEntity	1	0x2	DEVELOPMENTONLY	1	0	static	A
scriptremotefunctions_printReconnectDiscards	0	0x2	DEVELOPMENTONLY	0	0	static	A
scriptremotefunctions_printWarningNullEntity	1	0x2	DEVELOPMENTONLY	0	0	static	A
scriptremotefunctions_reject_floats_outside_range	1	0x2	DEVELOPMENTONLY	1	0	static	A
scriptremotefunctions_saveFuncName	1	0x2	DEVELOPMENTONLY	1	0	static	A
scriptremotefunctions_stringMaxStored	512	0x2	DEVELOPMENTONLY	1	0	static	A
seasonquest_force_missionscleared_count	-1	0x2002	DEVELOPMENTONLY|REPLICATED	0	0	static	A
seasonquest_force_treasurepacks_count	-1	0x2002	DEVELOPMENTONLY|REPLICATED	0	0	static	A
send_pin_on_error	1	0x2	DEVELOPMENTONLY	1	0	static	A
sequence_transitioner_enable	1	0x2002	DEVELOPMENTONLY|REPLICATED	1	0	static	A
serverFilter		0x80000	ARCHIVE_XBOX	1	0	static	A
serverReports_hostname		0x80020	PROTECTED|ARCHIVE_XBOX	1	0	static	A
server_build_datenum	0	0x2002	DEVELOPMENTONLY|REPLICATED	1	0	static	A
server_concommands_allways_network	1	0x2	DEVELOPMENTONLY	1	0	static	A
server_is_playtest_build	0	0x2002	DEVELOPMENTONLY|REPLICATED	1	0	static	A
settings_field_lookup_doesnt_exist_is_fatal	1	0x2002	DEVELOPMENTONLY|REPLICATED	0	0	static	A
sh_odsl_enabled_test_name		0x2	DEVELOPMENTONLY	0	0	static	A
sh_odsl_test_time_sec	60	0x2	DEVELOPMENTONLY	0	0	static	A
shader_lod_world_mesh_scaled_dist	4000	0x2	DEVELOPMENTONLY	1	0	static	A
shader_lods_enable	0	0x40000000	NO_MIN_MAX_CHECK	1	0	static	A
shader_lods_static_prop_scaled_dist	10	0x40000000	NO_MIN_MAX_CHECK	1	0	static	A
shadow_bleedfudge	0.0	0x4000	CHEAT	1	1	static	A
shadow_capable	1	0x2	DEVELOPMENTONLY	1	0	static	A
shadow_clear_dist	1.0	0x4000	CHEAT	1	1	static	A
shadow_combine_copy_with_filter	1	0x2	DEVELOPMENTONLY	1	0	static	A
shadow_cull_in_lobby	1	0x4000	CHEAT	1	1	static	A
shadow_cull_renderables_by_dist	1	0x4000	CHEAT	1	1	static	A
shadow_dbg_cone_depthtest	0	0x4000	CHEAT	0	1	static	A
shadow_dbg_cones	0	0x4000	CHEAT	0	1	static	A
shadow_dbg_draw	0	0x4000	CHEAT	0	1	static	A
shadow_default_filter_size	3	0x4000	CHEAT	1	1	static	A
shadow_depth_dimen_min	192	0x40000000	NO_MIN_MAX_CHECK	1	0	static	A
shadow_depth_upres_factor_max	2	0x40000000	NO_MIN_MAX_CHECK	1	0	static	A
shadow_drawfrustum	0	0x2	DEVELOPMENTONLY	0	0	static	A
shadow_dynamic_spot_budgets	0	0x2	DEVELOPMENTONLY	0	0	static	A
shadow_enable	1	0x40000000	NO_MIN_MAX_CHECK	1	0	static	A
shadow_esm_enable	0	0x4000	CHEAT	1	1	static	A
shadow_filter_maxstep	0.18	0x4000	CHEAT	0	1	static	A
shadow_info	0	0x2	DEVELOPMENTONLY	0	0	static	A
shadow_lobby_depth_dimen_min	0	0x40000000	NO_MIN_MAX_CHECK	1	0	static	A
shadow_lobby_mode_allowed	1	0x4000	CHEAT	1	1	static	A
shadow_max_downsizing_spot_updates	24	0x4000	CHEAT	1	1	static	A
shadow_max_dynamic_lobby	10	0x40000000	NO_MIN_MAX_CHECK	1	0	static	A
shadow_max_old_dynamic	1	0x2	DEVELOPMENTONLY	1	0	static	A
shadow_max_spot_updates	4	0x4000	CHEAT	1	1	static	A
shadow_maxdynamic	4	0x40000000	NO_MIN_MAX_CHECK	0	0	static	A
shadow_min_count_smallest	576	0x4000	CHEAT	1	1	static	A
shadow_minvariance	0.00001	0x4000	CHEAT	1	1	static	A
shadow_noLOD	1	0x2	DEVELOPMENTONLY	1	0	static	A
shadow_pcf_bias	0.0	0x4000	CHEAT	1	1	static	A
shadow_pcf_kernel_width	2	0x4000	CHEAT	1	1	static	A
shadow_pcf_mode	1	0x4000	CHEAT	1	1	static	A
shadow_show_spot_update_infos	0	0x4000	CHEAT	0	1	static	A
shadow_tools_depth_dimen_min	192	0x4000	CHEAT	0	1	static	A
shadow_tools_depth_upres_factor_max	3	0x4000	CHEAT	0	1	static	A
shadow_tools_min_count_smallest	4096	0x4000	CHEAT	0	1	static	A
shadow_tools_mode	0	0x4000	CHEAT	0	1	static	A
shadow_update_culling	1	0x4000	CHEAT	1	1	static	A
shadow_vsm_format_16_bit	0	0x4000	CHEAT	1	1	static	A
shake_angleFactor_human	1.0	0x2	DEVELOPMENTONLY	1	0	static	A
shake_angleFactor_titan	1.0	0x2	DEVELOPMENTONLY	1	0	static	A
shake_basicPitchFactor	0.20	0x2	DEVELOPMENTONLY	1	0	static	A
shake_basicRandomRollFactor	0.15	0x2	DEVELOPMENTONLY	1	0	static	A
shake_offsetFactor_human	1.0	0x2	DEVELOPMENTONLY	1	0	static	A
shake_offsetFactor_titan	1.0	0x2	DEVELOPMENTONLY	1	0	static	A
shake_viewmodelFactor_ads_human	0.01	0x2	DEVELOPMENTONLY	1	0	static	A
shake_viewmodelFactor_ads_titan	0.10	0x2	DEVELOPMENTONLY	1	0	static	A
shake_viewmodelFactor_human	0.10	0x2	DEVELOPMENTONLY	1	0	static	A
shake_viewmodelFactor_titan	0.10	0x2	DEVELOPMENTONLY	1	0	static	A
show_champion_screen	1	0x2002	DEVELOPMENTONLY|REPLICATED	0	0	static	A
showassets_enabled	0	0x80000	ARCHIVE_XBOX	1	0	static	A
showbot_enabled	0	0x80000	ARCHIVE_XBOX	1	0	static	A
showfps_enabled	0	0x80000	ARCHIVE_XBOX	1	0	static	A
showfps_heightpercent	0.25	0x2	DEVELOPMENTONLY	1	0	static	A
showfps_max_ms	32	0x80000	ARCHIVE_XBOX	1	0	static	A
showfps_mouse_latency	1	0x2	DEVELOPMENTONLY	1	0	static	A
showfps_smoothtime	0.5	0x2	DEVELOPMENTONLY	1	0	static	A
showfps_spinner	0	0x2	DEVELOPMENTONLY	1	0	static	A
showfs_async_file_handles	0	0x80000	ARCHIVE_XBOX	1	0	static	A
showinput_enabled	0	0x80000	ARCHIVE_XBOX	1	0	static	A
showio_enabled	0	0x80000	ARCHIVE_XBOX	1	0	static	A
showmap_enabled	1	0x80000	ARCHIVE_XBOX	1	0	static	A
showmem_cheaptrack_datatypes	0	0x80000	ARCHIVE_XBOX	1	0	static	A
showmem_cheaptrack_features	0	0x80000	ARCHIVE_XBOX	1	0	static	A
showmem_cheaptrack_sources	0	0x80000	ARCHIVE_XBOX	1	0	static	A
showmem_enabled	0	0x80000	ARCHIVE_XBOX	1	0	static	A
showmem_mode_bottom	3	0x80000	ARCHIVE_XBOX	1	0	static	A
showmem_mode_top	0	0x80000	ARCHIVE_XBOX	1	0	static	A
showmem_sbh_stats	0	0x80000	ARCHIVE_XBOX	1	0	static	A
showmemnumstats	0	0x2	DEVELOPMENTONLY	1	0	static	A
showmemnumstatsrefresh	500	0x2	DEVELOPMENTONLY	0	0	static	A
shownet_enabled	0	0x80000	ARCHIVE_XBOX	1	0	static	A
sidearmSwapSelectCooldown	0.25	0x2	DEVELOPMENTONLY	1	0	static	A
sidearmSwapSelectDoubleTapTime	0.25	0x2	DEVELOPMENTONLY	0	0	static	A
singlestep	0	0x4000	CHEAT	1	1	static	A
skill_hostname		0x80020	PROTECTED|ARCHIVE_XBOX	1	0	static	A
skipIntroVideos	0	0x2	DEVELOPMENTONLY	0	0	static	A
skip_jump_height_fraction	1.0	0x2002	DEVELOPMENTONLY|REPLICATED	1	0	static	A
skip_jump_height_speed	450	0x2002	DEVELOPMENTONLY|REPLICATED	1	0	static	A
skip_lobby_tutorial	0	0x2	DEVELOPMENTONLY	0	0	static	A
skip_replenish_double_jump	1	0x2002	DEVELOPMENTONLY|REPLICATED	1	0	static	A
skip_sounds	0	0x2002	DEVELOPMENTONLY|REPLICATED	1	0	static	A
skip_speed_reduce	100	0x2002	DEVELOPMENTONLY|REPLICATED	1	0	static	A
skip_speed_retain	-1	0x2002	DEVELOPMENTONLY|REPLICATED	1	0	static	A
skip_time	1.0	0x2002	DEVELOPMENTONLY|REPLICATED	1	0	static	A
skip_training	0	0x2002	DEVELOPMENTONLY|REPLICATED	0	0	static	A
skyward_launch_obstacle_avoidance	1	0x2002	DEVELOPMENTONLY|REPLICATED	1	0	static	A
sleep_when_meeting_framerate	1	0x2	DEVELOPMENTONLY	1	0	static	A
sleep_when_meeting_framerate_headroom_ms	2.25	0x2	DEVELOPMENTONLY	1	0	static	A
slide_auto_stand	0	0x2002	DEVELOPMENTONLY|REPLICATED	1	0	static	A
slide_max_angle_dot	0.6	0x2002	DEVELOPMENTONLY|REPLICATED	1	0	static	A
slide_max_duck_frac_to_start	1.0	0x2002	DEVELOPMENTONLY|REPLICATED	1	0	static	A
slide_step_velocity_reduction	10	0x2002	DEVELOPMENTONLY|REPLICATED	1	0	static	A
slide_viewTiltDecreaseSpeed	2.5	0x2	DEVELOPMENTONLY	1	0	static	A
slide_viewTiltIncreaseSpeed	5	0x2	DEVELOPMENTONLY	1	0	static	A
slide_viewTiltPlayerSpeed	400	0x2	DEVELOPMENTONLY	1	0	static	A
slide_viewTiltSide	15	0x2	DEVELOPMENTONLY	1	0	static	A
slide_while_on_unwalkable_ground	0	0x2002	DEVELOPMENTONLY|REPLICATED	1	0	static	A
slowconsolelog_old_logic	0	0x2	DEVELOPMENTONLY	1	0	static	A
smoothstairs_lunge	0	0x2002	DEVELOPMENTONLY|REPLICATED	1	0	static	A
snapshot_cache_force_use_clients_allow_list	0	0x6	DEVELOPMENTONLY|GAMEDLL	0	0	static	A
snapshot_cache_max_snapshots_multiply_factor	0	0x6	DEVELOPMENTONLY|GAMEDLL	0	0	static	A
snapshot_diffs_enabled	0	0x16	DEVELOPMENTONLY|GAMEDLL|HIDDEN	0	0	static	A
snapshot_diffs_force_enable	0	0x16	DEVELOPMENTONLY|GAMEDLL|HIDDEN	0	0	static	A
snapshot_diffs_fraction	0.0	0x16	DEVELOPMENTONLY|GAMEDLL|HIDDEN	1	0	static	A
snapshot_diffs_max_creation_time	0	0x16	DEVELOPMENTONLY|GAMEDLL|HIDDEN	0	0	static	A
snapshot_force_local_client_player_transmit	1	0x2	DEVELOPMENTONLY	0	0	static	A
snapshot_historical_cache_enabled	0	0x6	DEVELOPMENTONLY|GAMEDLL	0	0	static	A
snapshot_historical_cache_force_enable	0	0x16	DEVELOPMENTONLY|GAMEDLL|HIDDEN	0	0	static	A
snapshot_local_client_player_delete_assert	1	0x2	DEVELOPMENTONLY	0	0	static	A
snapshot_recipient_code_affects_tick_last_changed	1	0x2	DEVELOPMENTONLY	1	0	static	A
snapshot_shutdown_mtrim_pad	0	0x2	DEVELOPMENTONLY	0	0	static	A
snapshot_tlc_sorted_props_enabled	1	0x2	DEVELOPMENTONLY	1	0	static	A
solid_obb_pass_standard_filter	1	0x2002	DEVELOPMENTONLY|REPLICATED	1	0	static	A
sound_ambientgeneric_allow_refresh	1	0x2	DEVELOPMENTONLY	1	0	static	A
sound_ambientgeneric_force_entity	0	0x2	DEVELOPMENTONLY	1	0	static	A
sound_entity_seek_snap	1.0	0x2	DEVELOPMENTONLY	1	0	static	A
sound_musicReduced	0	0x1000000	SCRIPTS_ONLY	1	0	static	A
sound_num_speakers	2	0x80	ARCHIVE	0	0	static	A
sound_only_warn_on_missing_sound_events_in_client_script	1	0x2	DEVELOPMENTONLY	0	0	static	A
sound_printloaderrors	1	0x2	DEVELOPMENTONLY	0	0	static	A
sound_spectator_dialogue	1	0x2	DEVELOPMENTONLY	0	0	static	A
sound_volume	1	0x80000	ARCHIVE_XBOX	1	0	static	A
sound_volume_dialogue	1	0x1000000	SCRIPTS_ONLY	1	0	static	A
sound_volume_dialogue_sp	1	0x2	DEVELOPMENTONLY	1	0	static	A
sound_volume_music_game	1	0x1000000	SCRIPTS_ONLY	1	0	static	A
sound_volume_music_game_sp	1	0x2	DEVELOPMENTONLY	1	0	static	A
sound_volume_music_lobby	1	0x1000000	SCRIPTS_ONLY	1	0	static	A
sound_volume_sfx	1	0x1000000	SCRIPTS_ONLY	1	0	static	A
sound_volume_sfx_observer	1	0x1000000	SCRIPTS_ONLY	1	0	static	A
sound_volume_sfx_observer_affectdialogue	1	0x2	DEVELOPMENTONLY	1	0	static	A
sound_volume_sfx_observer_affectmusic	1	0x2	DEVELOPMENTONLY	1	0	static	A
sound_volume_sfx_sp	1	0x2	DEVELOPMENTONLY	1	0	static	A
sound_volume_voice	1	0x80	ARCHIVE	1	0	static	A
sound_without_focus	0	0x1000000	SCRIPTS_ONLY	1	0	static	A2
soundtrigger_repeat_interval	0	0x2	DEVELOPMENTONLY	1	0	static	A
sp_not_focus_pause	1	0x2	DEVELOPMENTONLY	1	0	static	A
spam_skinning_matrices_used	0	0x2	DEVELOPMENTONLY	0	0	static	A
spam_skinning_matrices_used_detailed	0	0x2	DEVELOPMENTONLY	1	0	static	A
spatial_partition_deadlock_assert	1	0x2002	DEVELOPMENTONLY|REPLICATED	0	0	static	A
spectator_analog_altitude_control	1	0x2	DEVELOPMENTONLY	1	0	static	A
spectator_playerTagRange_large	12000	0x2	DEVELOPMENTONLY	1	0	static	A
spectator_playerTagRange_medium	3000	0x2	DEVELOPMENTONLY	1	0	static	A
spectator_playerTagRange_small	1500	0x2	DEVELOPMENTONLY	1	0	static	A
speechtotext_audioenabled	0	0x2	DEVELOPMENTONLY	1	0	static	A
speechtotext_disable_expire_logic	0	0x80000	ARCHIVE_XBOX	1	0	static	A
speechtotext_disable_time	0	0x1000000	SCRIPTS_ONLY	1	0	static	A
speechtotext_enabled	0	0x1000000	SCRIPTS_ONLY	1	0	static	A
speechtotext_expire_duration	604800	0x80000	ARCHIVE_XBOX	1	0	static	A
speechtotext_forcedisabled	0	0x2	DEVELOPMENTONLY	1	0	static	A
speechtotext_gettokentime_interval	20	0x2	DEVELOPMENTONLY	1	0	static	A
speechtotext_hostname	api.us-east.speech-to-text.watson.cloud.ibm.com	0x2	DEVELOPMENTONLY	1	0	static	A
speechtotext_msg_droptimeout	30.0	0x2	DEVELOPMENTONLY	1	0	static	A
speechtotext_new_userSetting	0	0x2	DEVELOPMENTONLY	1	0	static	A
speechtotext_path	instances/b7fc6d53-24c8-4594-978c-2e19bc484d00/v1/recognize?profanity_filter=tru	0x2	DEVELOPMENTONLY	1	0	static	A
speechtotext_quiettime	1.0	0x2	DEVELOPMENTONLY	1	0	static	A
speechtotext_stats_errorspermin	5	0x2	DEVELOPMENTONLY	1	0	static	A
speechtotext_stats_interval	60.0	0x2	DEVELOPMENTONLY	1	0	static	A
speechtotext_stats_senderrors	1	0x2	DEVELOPMENTONLY	1	0	static	A
speechtotext_stats_sendrequests	1	0x2	DEVELOPMENTONLY	1	0	static	A
speechtotext_stats_sendsuccess	1	0x2	DEVELOPMENTONLY	1	0	static	A
speechtotexttoken_hostname		0x80020	PROTECTED|ARCHIVE_XBOX	1	0	static	A
spinner_debug_info	0	0x80000	ARCHIVE_XBOX	1	0	static	A
sprint_powerdrain	0	0x2002	DEVELOPMENTONLY|REPLICATED	1	0	static	A
sprint_view_shake_style	0	0x41000000	SCRIPTS_ONLY|NO_MIN_MAX_CHECK	1	0	static	A
sprinttilt_accel	35	0x2002	DEVELOPMENTONLY|REPLICATED	1	0	static	A
sprinttilt_maxvel	2	0x2002	DEVELOPMENTONLY|REPLICATED	1	0	static	A
sprinttilt_turnrange	120	0x2002	DEVELOPMENTONLY|REPLICATED	1	0	static	A
ss_force_primary_fullscreen	0	0x2	DEVELOPMENTONLY	1	0	static	A
ss_mimic	0	0x4002	DEVELOPMENTONLY|CHEAT	0	1	static	A
ss_splitmode	0	0x2	DEVELOPMENTONLY	0	0	static	A
ss_verticalsplit	0	0x2	DEVELOPMENTONLY	1	0	static	A
ss_viewmodelfov	54	0x2002	DEVELOPMENTONLY|REPLICATED	0	0	static	A
ss_voice_hearpartner	0	0x2	DEVELOPMENTONLY	0	0	static	A
ssao_allow_partial	0	0x2	DEVELOPMENTONLY	1	0	static	A
ssao_blur	1	0x2	DEVELOPMENTONLY	1	0	static	A
ssao_blur_4x4	0	0x2	DEVELOPMENTONLY	1	0	static	A
ssao_blur_edge_sharpness	0	0x2	DEVELOPMENTONLY	1	0	static	A
ssao_blur_quality	1	0x2	DEVELOPMENTONLY	1	0	static	A
ssao_blur_slope_threshold	0.0005	0x2	DEVELOPMENTONLY	1	0	static	A
ssao_depth_max	10000	0x2	DEVELOPMENTONLY	1	0	static	A
ssao_downsample_scale	1.f	0x40000000	NO_MIN_MAX_CHECK	1	0	static	A
ssao_enabled	1	0x40000000	NO_MIN_MAX_CHECK	1	0	static	A
ssao_exponent	1.4	0x2	DEVELOPMENTONLY	1	0	static	A
ssao_force_legacy	1	0x40000000	NO_MIN_MAX_CHECK	1	0	static	A
ssao_jitter_scale	0.5	0x2	DEVELOPMENTONLY	1	0	static	A
ssao_max_res	1080	0x2	DEVELOPMENTONLY	1	0	static	A
ssao_max_res_threshold	1440	0x2	DEVELOPMENTONLY	1	0	static	A
ssao_num_directions	8	0x2	DEVELOPMENTONLY	1	0	static	A
ssao_num_steps	4	0x2	DEVELOPMENTONLY	1	0	static	A
ssao_on_everything	0	0x2	DEVELOPMENTONLY	1	0	static	A
ssao_quality	3	0x40000000	NO_MIN_MAX_CHECK	1	0	static	A
ssao_radius	118	0x2	DEVELOPMENTONLY	1	0	static	A
ssao_radius_in_lobby	4	0x2	DEVELOPMENTONLY	1	0	static	A
ssao_show	0	0x2	DEVELOPMENTONLY	0	0	static	A
ssao_snap_uv	1	0x2	DEVELOPMENTONLY	1	0	static	A
ssao_tech	2	0x2	DEVELOPMENTONLY	1	0	static	A
ssao_temporal_noise	1	0x2	DEVELOPMENTONLY	1	0	static	A
ssao_upsample_ranged	1	0x2	DEVELOPMENTONLY	1	0	static	A
ssao_upsample_ranged_midsize	2.0	0x2	DEVELOPMENTONLY	1	0	static	A
ssso_cone_angle	15.0	0x2	DEVELOPMENTONLY	1	0	static	A
ssso_enabled	0	0x2	DEVELOPMENTONLY	1	0	static	A
ssso_exponent	1.4	0x2	DEVELOPMENTONLY	1	0	static	A
ssso_intensity	1.65	0x2	DEVELOPMENTONLY	1	0	static	A
ssso_num_steps	1	0x2	DEVELOPMENTONLY	1	0	static	A
ssso_radius	50	0x2	DEVELOPMENTONLY	1	0	static	A
standardHandshake	0	0x2002	DEVELOPMENTONLY|REPLICATED	0	0	static	A
startButtonCommand	ingamemenu_activate	0x2	DEVELOPMENTONLY	1	0	static	A
staticPropSkipEarlyDepthOnlyTranslucent	0	0x2	DEVELOPMENTONLY	1	0	static	A
staticPropUseDepthSortBulkGrab	0	0x2	DEVELOPMENTONLY	1	0	static	A
staticProp_BucketSortMode	0	0x4000	CHEAT	1	1	static	A
staticProp_budget	8192	0x2	DEVELOPMENTONLY	1	0	static	A
staticProp_buildlists_on_worker	0	0x2	DEVELOPMENTONLY	1	0	static	A
staticProp_debug_draw	0	0x2	DEVELOPMENTONLY	0	0	static	A
staticProp_earlyDepthPrepass	1	0x2	DEVELOPMENTONLY	1	0	static	A
staticProp_gather_size_weight	5	0x2	DEVELOPMENTONLY	1	0	static	A
staticProp_max_scaled_dist	2500	0x2	DEVELOPMENTONLY	1	0	static	A
staticProp_no_fade_scalar	0.7	0x2	DEVELOPMENTONLY	1	0	static	A
staticProp_refineDrawOnWorker	3	0x2	DEVELOPMENTONLY	1	0	static	A
static_prop_dist_debug_draw	0	0x2	DEVELOPMENTONLY	0	0	static	A
static_shadow	3	0x2	DEVELOPMENTONLY	1	0	static	A
static_shadow_bounds_per_env	1	0x2	DEVELOPMENTONLY	1	0	static	A
static_shadow_debug_2d	0	0x2	DEVELOPMENTONLY	1	0	static	A
static_shadow_debug_dirty_rects	0	0x2	DEVELOPMENTONLY	0	0	static	A
static_shadow_depth_bias_scale	1	0x2	DEVELOPMENTONLY	1	0	static	A
static_shadow_expand_z	30000	0x2	DEVELOPMENTONLY	1	0	static	A
static_shadow_good_merge_ratio	1.01	0x2	DEVELOPMENTONLY	1	0	static	A
static_shadow_good_merge_score	0.1	0x2	DEVELOPMENTONLY	1	0	static	A
static_shadow_max_partitions	16	0x2	DEVELOPMENTONLY	1	0	static	A
static_shadow_prop_min_size	40.0	0x2	DEVELOPMENTONLY	1	0	static	A
static_shadow_proplightweight_min_size	1500.0	0x2	DEVELOPMENTONLY	1	0	static	A
static_shadow_res	4096	0x2	DEVELOPMENTONLY	1	0	static	A
static_shadow_shrink_culler	1	0x2	DEVELOPMENTONLY	1	0	static	A
static_shadow_use_d16	0	0x2	DEVELOPMENTONLY	1	0	static	A
static_shadow_uses_shadow_lod	1	0x2	DEVELOPMENTONLY	1	0	static	A
staticfile_hostname		0x80020	PROTECTED|ARCHIVE_XBOX	1	0	static	A
staticprop_color_use_bindless	1	0x40000000	NO_MIN_MAX_CHECK	1	0	static	A
staticprop_depth_use_bindless	1	0x40000000	NO_MIN_MAX_CHECK	1	0	static	A
stationary_fly_ground_detect	1	0x2002	DEVELOPMENTONLY|REPLICATED	1	0	static	A
stats_hostname		0x80020	PROTECTED|ARCHIVE_XBOX	1	0	static	A
status_effect_warning_level	1	0x2002	DEVELOPMENTONLY|REPLICATED	0	0	static	A
status_tracker_enabled	1	0x2	DEVELOPMENTONLY	1	0	static	A
status_tracker_log_events	0	0x80000	ARCHIVE_XBOX	0	0	static	A
status_tracker_send_dev_telemetry	1	0x80000	ARCHIVE_XBOX	1	0	static	A
status_tracker_sleep_time_ms	10000	0x80000	ARCHIVE_XBOX	1	0	static	A
steam_debug	0	0x2	DEVELOPMENTONLY	0	0	static	A
steam_environment	production	0x80000	ARCHIVE_XBOX	1	0	static	A
steam_id		0x12	DEVELOPMENTONLY|HIDDEN	1	0	static	A
steam_name		0x12	DEVELOPMENTONLY|HIDDEN	1	0	static	A
steam_presence_player_group_issession	0	0x2	DEVELOPMENTONLY	1	0	static	A
steam_presence_updateRate	1	0x2	DEVELOPMENTONLY	1	0	static	A
steam_use_jwt	1	0x2	DEVELOPMENTONLY	1	0	static	A
steamlink_hostname		0x2	DEVELOPMENTONLY	1	0	static	A
stream_addnoise	0	0x2	DEVELOPMENTONLY	0	0	static	A
stream_async_resource_creation_on_pc	1	0x40000000	NO_MIN_MAX_CHECK	1	0	static	A
stream_cache_align_memory_estimates	1	0x40000000	NO_MIN_MAX_CHECK	1	0	static	A
stream_cache_capacity_animseq	20	0x2	DEVELOPMENTONLY	1	0	static	A2
stream_cache_capacity_mdl	300	0x2	DEVELOPMENTONLY	1	0	static	A2
stream_cache_capacity_while_loading	-1	0x2	DEVELOPMENTONLY	1	0	static	A2
stream_cache_high_priority_animations	1	0x2	DEVELOPMENTONLY	1	0	static	A2
stream_cache_high_priority_static_models	1	0x2	DEVELOPMENTONLY	0	0	static	A2
stream_cache_mdl_freeze_threshlold	16	0x2	DEVELOPMENTONLY	1	0	static	A
stream_cache_multithreaded	1	0x2	DEVELOPMENTONLY	1	0	static	A2
stream_cache_preload_from_rpak	1	0x2	DEVELOPMENTONLY	1	0	static	A
stream_cache_read_buffer_cap	32	0x2	DEVELOPMENTONLY	1	0	static	A2
stream_cache_read_count_cap	24	0x2	DEVELOPMENTONLY	1	0	static	A2
stream_cache_speculative_drop_animseq	0.8	0x2	DEVELOPMENTONLY	1	0	static	A
stream_cache_speculative_drop_mdl	0.9	0x2	DEVELOPMENTONLY	1	0	static	A
stream_depth_prepass_material	1	0x2	DEVELOPMENTONLY	1	0	static	A
stream_drop_unused	0	0x2	DEVELOPMENTONLY	1	0	static	A
stream_enable	1	0x2	DEVELOPMENTONLY	1	0	static	A
stream_handle_allocation_max_stall_msec	5000	0x2	DEVELOPMENTONLY	1	0	static	A
stream_highest_quality_pc	0	0x2	DEVELOPMENTONLY	1	0	static	A2
stream_load_after_drop	0	0x2	DEVELOPMENTONLY	1	0	static	A
stream_low_mips_to_batch	2	0x2	DEVELOPMENTONLY	1	0	static	A2
stream_memory	298000	0x40000000	NO_MIN_MAX_CHECK	1	0	static	A
stream_memory_ignore	0	0x40000002	DEVELOPMENTONLY|NO_MIN_MAX_CHECK	1	0	static	A
stream_memory_min	0	0x40000000	NO_MIN_MAX_CHECK	1	0	static	A
stream_memory_while_loading	0	0x2	DEVELOPMENTONLY	1	0	static	A
stream_mode	default	0x40000002	DEVELOPMENTONLY|NO_MIN_MAX_CHECK	1	0	static	A
stream_never_high_priority_frac	0.0125	0x2	DEVELOPMENTONLY	1	0	static	A
stream_overlay	0	0x2	DEVELOPMENTONLY	0	0	static	A
stream_overlay_mode	short	0x2	DEVELOPMENTONLY	0	0	static	A
stream_pause	0	0x2	DEVELOPMENTONLY	1	0	static	A
stream_picmip	2	0x2	DEVELOPMENTONLY	1	0	static	A
stream_texture_bandwidth	1024	0x40000000	NO_MIN_MAX_CHECK	1	0	static	A
stringtable_compress	1	0x2	DEVELOPMENTONLY	1	0	static	A
stryder_forceOriginUsersInvisible	0	0x2	DEVELOPMENTONLY	1	0	static	A
stryder_security		0x80000200	USERINFO	1	0	static	A
stuck_debugging	0	0x2002	DEVELOPMENTONLY|REPLICATED	0	0	static	A
stuck_debugging_world_only	0	0x2002	DEVELOPMENTONLY|REPLICATED	0	0	static	A
studiobonecache_unlimited	1	0x2002	DEVELOPMENTONLY|REPLICATED	0	0	static	A
subscription_hostname		0x80020	PROTECTED|ARCHIVE_XBOX	1	0	static	A
superjump_drain_power_onfail	0	0x2002	DEVELOPMENTONLY|REPLICATED	1	0	static	A
superjump_fail_sound_when_jump_limit	1	0x2002	DEVELOPMENTONLY|REPLICATED	1	0	static	A
superjump_jumppad_enable_time	0.1	0x2002	DEVELOPMENTONLY|REPLICATED	1	0	static	A
superjump_limit	0	0x2002	DEVELOPMENTONLY|REPLICATED	0	0	static	A
superjump_limitreset_onwallrun	1	0x2002	DEVELOPMENTONLY|REPLICATED	1	0	static	A
superjump_min_height_fraction	0.25	0x2002	DEVELOPMENTONLY|REPLICATED	1	0	static	A
superjump_powerreset_onground	1	0x2002	DEVELOPMENTONLY|REPLICATED	1	0	static	A
sv_XLOG_telemetry_shortcircuit	0	0x2002	DEVELOPMENTONLY|REPLICATED	1	0	static	A
sv_airaccelerate	10	0x2002	DEVELOPMENTONLY|REPLICATED	0	0	static	A
sv_allTicksFinal	0	0x2	DEVELOPMENTONLY	1	0	static	A
sv_allowSendTableTransmitToClients	1	0x2	DEVELOPMENTONLY	1	0	static	A
sv_allowSpectatorClients	1	0x2	DEVELOPMENTONLY	0	0	static	A
sv_asyncSendSnapshot	0	0x2	DEVELOPMENTONLY	1	0	static	A
sv_backspeed	0.6	0x2002	DEVELOPMENTONLY|REPLICATED	0	0	static	A
sv_bounce	0	0x2002	DEVELOPMENTONLY|REPLICATED	0	0	static	A
sv_cheats	0	0x82000	REPLICATED|ARCHIVE_XBOX	1	0	static	A
sv_checkSpectatorType	1	0x2	DEVELOPMENTONLY	0	0	static	A
sv_compressPlaylists	1	0x2	DEVELOPMENTONLY	0	0	static	A
sv_compressTimeValEpsilon	0.0005	0x2	DEVELOPMENTONLY	0	0	static	A
sv_compressTimeVals	1	0x2	DEVELOPMENTONLY	0	0	static	A
sv_connectEnforceServerFilter	0	0x2	DEVELOPMENTONLY	1	0	static	A
sv_connectingClientDelay	3	0x2	DEVELOPMENTONLY	1	0	static	A
sv_disconnectOnScriptError	1	0x2	DEVELOPMENTONLY	0	0	static	A
sv_dumpstringtables	0	0x4000	CHEAT	0	1	static	A
sv_earlyPersistenceRead	0	0x80000	ARCHIVE_XBOX	1	0	static	A
sv_enableSignonStateTimeOuts	1	0x2	DEVELOPMENTONLY	1	0	static	A
sv_everyThirdTick	0	0x2	DEVELOPMENTONLY	1	0	static	A
sv_fakeClientBaseId	9990000	0x6	DEVELOPMENTONLY|GAMEDLL	1	0	static	A
sv_firstConnectCheckForMatchPhase	1	0x2	DEVELOPMENTONLY	0	0	static	A
sv_fixedUpdateRate	1	0x2	DEVELOPMENTONLY	1	0	static	A
sv_footsteps	1	0x2002	DEVELOPMENTONLY|REPLICATED	1	0	static	A
sv_friction	4	0x2002	DEVELOPMENTONLY|REPLICATED	1	0	static	A
sv_fullsnap_stall_replay_delay	0.35	0x2	DEVELOPMENTONLY	0	0	static	A
sv_fullsnap_stall_timescale	-1.0	0x2	DEVELOPMENTONLY	1	0	static	A
sv_fullsnap_stall_updaterate	2	0x2	DEVELOPMENTONLY	1	0	static	A
sv_fullsnap_stall_wait	5	0x2	DEVELOPMENTONLY	1	0	static	A
sv_fullsnap_stalls_allowed	1	0x2	DEVELOPMENTONLY	1	0	static	A
sv_gracefulDisconnectOnScriptError	0	0x2	DEVELOPMENTONLY	0	0	static	A
sv_gravity	750	0x2002	DEVELOPMENTONLY|REPLICATED	1	0	static	A
sv_ignoreAllNewConnections	0	0x2	DEVELOPMENTONLY	0	0	static	A
sv_ignoreDuplicateConnectionRequests	1	0x2	DEVELOPMENTONLY	0	0	static	A
sv_includeProtInRejection	0	0x2	DEVELOPMENTONLY	0	0	static	A
sv_infinite_ammo	0	0x2002	DEVELOPMENTONLY|REPLICATED	0	0	static	A
sv_instancebaselines	1	0x2	DEVELOPMENTONLY	0	0	static	A
sv_liveapi_hitch_notify_frequency_sec	3.0	0x2	DEVELOPMENTONLY	0	0	static	A
sv_loadMapModelEarly	0	0x2	DEVELOPMENTONLY	0	0	static	A
sv_maxSetClientEntitlements	-1	0x2	DEVELOPMENTONLY	0	0	static	A
sv_max_fullsnap_stalls	100	0x2	DEVELOPMENTONLY	1	0	static	A
sv_max_prop_data_dwords_lobby	700000	0x2	DEVELOPMENTONLY	1	0	static	A
sv_max_prop_data_dwords_multiplayer	2500000	0x2	DEVELOPMENTONLY	1	0	static	A
sv_max_prop_data_dwords_singleplayer	400000	0x2	DEVELOPMENTONLY	1	0	static	A
sv_max_props_lobby	600000	0x2	DEVELOPMENTONLY	1	0	static	A
sv_max_props_multiplayer	1250000	0x2	DEVELOPMENTONLY	1	0	static	A
sv_max_props_singleplayer	300000	0x2	DEVELOPMENTONLY	1	0	static	A
sv_max_snapshots_lobby	80	0x2	DEVELOPMENTONLY	1	0	static	A
sv_max_snapshots_multiplayer	100	0x2	DEVELOPMENTONLY	1	0	static	A
sv_max_snapshots_singleplayer	10	0x2	DEVELOPMENTONLY	1	0	static	A
sv_maxspeed	320	0x2002	DEVELOPMENTONLY|REPLICATED	1	0	static	A
sv_maxupdaterate	60	0x2	DEVELOPMENTONLY	1	0	static	A
sv_maxvelocity	34000	0x2002	DEVELOPMENTONLY|REPLICATED	1	0	static	A
sv_minupdaterate	1	0x2	DEVELOPMENTONLY	1	0	static	A
sv_net_disconnect_normalize	1	0x2	DEVELOPMENTONLY	1	0	static	A
sv_net_disconnect_track	0	0x2	DEVELOPMENTONLY	1	0	static	A
sv_netstrcmd_retail_enabled	1	0x80000	ARCHIVE_XBOX	1	0	static	A
sv_netstrcmd_retail_track	1	0x80000	ARCHIVE_XBOX	1	0	static	A
sv_optimizedmovement	1	0x2002	DEVELOPMENTONLY|REPLICATED	1	0	static	A
sv_parallel_sendsnapshot	1	0x2	DEVELOPMENTONLY	1	0	static	A
sv_partyFiringRangeJIPAllowed	1	0x2002	DEVELOPMENTONLY|REPLICATED	1	0	static	A
sv_pausable	0	0x4000	CHEAT	1	1	static	A
sv_players	1	0x2012	DEVELOPMENTONLY|HIDDEN|REPLICATED	0	0	static	A
sv_playertag_checkInterval	2	0x2	DEVELOPMENTONLY	0	0	static	A
sv_playertag_request_reset	1	0x2	DEVELOPMENTONLY	0	0	static	A
sv_playertag_rspn_tag_allowed	1	0x2	DEVELOPMENTONLY	0	0	static	A
sv_printHighWaterMark	0	0x2	DEVELOPMENTONLY	0	0	static	A
sv_private_assist_style_override	1	0x2002	DEVELOPMENTONLY|REPLICATED	0	0	static	A
sv_pushaway_accel	400	0x2002	DEVELOPMENTONLY|REPLICATED	1	0	static	A
sv_pushaway_clientside	2	0x2002	DEVELOPMENTONLY|REPLICATED	1	0	static	A
sv_pushaway_clientside_size	1000	0x2002	DEVELOPMENTONLY|REPLICATED	0	0	static	A
sv_pushaway_debug	0	0x2002	DEVELOPMENTONLY|REPLICATED	1	0	static	A
sv_pushaway_dist	15	0x2002	DEVELOPMENTONLY|REPLICATED	1	0	static	A
sv_pushaway_min_player_speed	75	0x2002	DEVELOPMENTONLY|REPLICATED	1	0	static	A
sv_pushaway_player_accel	3000	0x6002	DEVELOPMENTONLY|REPLICATED|CHEAT	1	1	static	A
sv_pushaway_player_dist	5	0x6002	DEVELOPMENTONLY|REPLICATED|CHEAT	1	1	static	A
sv_reconnectCheckFullConnectV2	1	0x2	DEVELOPMENTONLY	0	0	static	A
sv_rejectClientConnects	0	0x2	DEVELOPMENTONLY	1	0	static	A
sv_rejectConnections	0	0x2	DEVELOPMENTONLY	0	0	static	A
sv_rejectIconPuaUtf8ClientName	1	0x2	DEVELOPMENTONLY	1	0	static	A
sv_rejectNonUtf8ClientName	1	0x2	DEVELOPMENTONLY	1	0	static	A
sv_rejectOnPeersFull	1	0x2	DEVELOPMENTONLY	0	0	static	A
sv_requireOriginToken	1	0x2	DEVELOPMENTONLY	0	0	static	A
sv_resendSignonData	0	0x2	DEVELOPMENTONLY	1	0	static	A
sv_rollangle	0	0x2002	DEVELOPMENTONLY|REPLICATED	1	0	static	A
sv_rollspeed	200	0x2002	DEVELOPMENTONLY|REPLICATED	1	0	static	A
sv_rprofDumpDuringLoad	0	0x2	DEVELOPMENTONLY	0	0	static	A
sv_runSnapshotDiffWorkInJobs	1	0x2	DEVELOPMENTONLY	0	0	static	A
sv_runSpatialOptimizeInJob	1	0x2	DEVELOPMENTONLY	0	0	static	A
sv_scarySnapDeltaPrints	50	0x2	DEVELOPMENTONLY	0	0	static	A
sv_script_compile_during_map_load	1	0x2	DEVELOPMENTONLY	1	0	static	A
sv_sendEarlyServerInfo	0	0x2	DEVELOPMENTONLY	1	0	static	A
sv_sendReplayNetMessagesOnNoDeltaSnaps	0	0x2	DEVELOPMENTONLY	1	0	static	A
sv_sendReportIncludeConVars	1	0x2	DEVELOPMENTONLY	0	0	static	A
sv_sendReportOnClientConnect	1	0x2	DEVELOPMENTONLY	0	0	static	A
sv_showClientTickCmds	0	0x2	DEVELOPMENTONLY	0	0	static	A
sv_showLargeSnapshotSize	10000	0x2	DEVELOPMENTONLY	0	0	static	A
sv_showSnapshots	0	0x2	DEVELOPMENTONLY	0	0	static	A
sv_showUserCmds	0	0x2	DEVELOPMENTONLY	1	0	static	A
sv_single_core_dedi	0	0x2	DEVELOPMENTONLY	0	0	static	A
sv_skipSendingUnnecessaryPersistence	0	0x2	DEVELOPMENTONLY	1	0	static	A
sv_snapshot_pps_mtrim_pad	0	0x2	DEVELOPMENTONLY	0	0	static	A
sv_snapshot_tempent_warn_threshold	-1	0x2	DEVELOPMENTONLY	1	0	static	A
sv_snapshot_tempent_warn_throttle	30	0x2	DEVELOPMENTONLY	0	0	static	A
sv_snapshot_uniform_interval	1	0x2	DEVELOPMENTONLY	1	0	static	A
sv_specaccelerate	1000.0	0x2080	ARCHIVE|REPLICATED	1	0	static	A
sv_specnoclip	1	0x2080	ARCHIVE|REPLICATED	1	0	static	A
sv_specspeed	5.0	0x2080	ARCHIVE|REPLICATED	1	0	static	A
sv_stats	1	0x2	DEVELOPMENTONLY	1	0	static	A
sv_stopspeed	100	0x2002	DEVELOPMENTONLY|REPLICATED	0	0	static	A
sv_stressbots	0	0x2	DEVELOPMENTONLY	1	0	static	A
sv_strictReconnect	0	0x2	DEVELOPMENTONLY	0	0	static	A
sv_struggleCheck	1.050	0x2	DEVELOPMENTONLY	0	0	static	A
sv_struggleSpam	1.4	0x2	DEVELOPMENTONLY	0	0	static	A
sv_struggleSpamInterval	5	0x2	DEVELOPMENTONLY	0	0	static	A
sv_tempents_send_from_delta	0	0x2	DEVELOPMENTONLY	1	0	static	A
sv_tempents_send_from_last_sent	1	0x2	DEVELOPMENTONLY	1	0	static	A
sv_testLargeDatablock	0	0x2	DEVELOPMENTONLY	1	0	static	A
sv_teststepsimulation	0	0x2002	DEVELOPMENTONLY|REPLICATED	1	0	static	A
sv_tournament_anonymous_mode	0	0x2002	DEVELOPMENTONLY|REPLICATED	0	0	static	A
sv_tournament_assist_style_override	0	0x2002	DEVELOPMENTONLY|REPLICATED	0	0	static	A
sv_transmitToAllPlayersMask_allBitsSet	0	0x2	DEVELOPMENTONLY	1	0	static	A
sv_transmitToAllPlayersMask_print	0	0x2	DEVELOPMENTONLY	0	0	static	A
sv_truncateNameToNotCrashKillFeedLocalization	1	0x2	DEVELOPMENTONLY	1	0	static	A
sv_unnecessaryConnectDelay	60	0x2	DEVELOPMENTONLY	1	0	static	A
sv_unreliableSnapMaxSize	10000	0x2	DEVELOPMENTONLY	1	0	static	A
sv_updaterate_mp	20	0x2	DEVELOPMENTONLY	1	0	static	A
sv_updaterate_sp	20	0x2	DEVELOPMENTONLY	1	0	static	A
sv_useReputation	1	0x2	DEVELOPMENTONLY	1	0	static	A
sv_use_real_model_always	0	0x2	DEVELOPMENTONLY	1	0	static	A
sv_verifyNucleusIdByTokenResult	1	0x2	DEVELOPMENTONLY	0	0	static	A
sv_voiceEcho	0	0x2	DEVELOPMENTONLY	1	0	static	A2
sv_voiceenable	1	0x80080	ARCHIVE|ARCHIVE_XBOX	1	0	static	A
sv_waitForClientInfo	1	0x2	DEVELOPMENTONLY	1	0	static	A
sv_warnAboutCmdNumJumps	20	0x2	DEVELOPMENTONLY	0	0	static	A
sv_watchdogTimer	20	0x2	DEVELOPMENTONLY	0	0	static	A
sv_wateraccelerate	10	0x2002	DEVELOPMENTONLY|REPLICATED	0	0	static	A
sv_waterdist	12	0x2002	DEVELOPMENTONLY|REPLICATED	0	0	static	A
sv_writePersistenceOnShutdown	1	0x2	DEVELOPMENTONLY	1	0	static	A
svperf_query_hitch_frametime_msec	100	0x2	DEVELOPMENTONLY	1	0	static	A
svperf_query_near_frametime_msec	45	0x2	DEVELOPMENTONLY	0	0	static	A
svperf_query_packetchoke_threshold	15	0x2	DEVELOPMENTONLY	0	0	static	A
svperf_query_packetloss_threshold	10	0x2	DEVELOPMENTONLY	0	0	static	A
svperf_query_player_subset_size	5	0x2	DEVELOPMENTONLY	0	0	static	A
svperf_query_slow_frametime_msec	50	0x2	DEVELOPMENTONLY	0	0	static	A
svperf_query_slow_frametime_threshold	8	0x2	DEVELOPMENTONLY	0	0	static	A
svperf_querynear_frametime_threshold	8	0x2	DEVELOPMENTONLY	0	0	static	A
sync_on_streaming_loads_before_hot_swap	1	0x2	DEVELOPMENTONLY	1	0	static	A
system_alt_f4_closes_window	1	0x2	DEVELOPMENTONLY	1	0	static	A
tagfilter_enabled	1	0x2	DEVELOPMENTONLY	0	0	static	A
tapstrafe_repeated_tapping_number_of_taps	3	0x2	DEVELOPMENTONLY	1	0	static	A
tapstrafe_repeated_tapping_time_between_taps	0.2	0x2	DEVELOPMENTONLY	1	0	static	A
tapstrafe_telemetry_delay	0.3	0x2	DEVELOPMENTONLY	1	0	static	A
tapstrafe_telemetry_max_events_per_jump	2	0x2	DEVELOPMENTONLY	1	0	static	A
teams_unassigned_are_friendly	0	0x2002	DEVELOPMENTONLY|REPLICATED	1	0	static	A
telemetry_client_enable	1	0x2	DEVELOPMENTONLY	1	0	static	A
telemetry_client_sendInterval	10.0	0x2	DEVELOPMENTONLY	1	0	static	A
telemetryevent_client_enable	1	0x2	DEVELOPMENTONLY	1	0	static	A
test_fakeTimeDays	0	0x42002	DEVELOPMENTONLY|REPLICATED|NOT_CONNECTED	1	0	static	A
test_fakeTimeStamp	0	0x42002	DEVELOPMENTONLY|REPLICATED|NOT_CONNECTED	1	0	static	A
test_fakeTimeStampShouldAddTimePassed	1	0x2002	DEVELOPMENTONLY|REPLICATED	1	0	static	A
test_faketimedays_limit	125	0x2	DEVELOPMENTONLY	1	0	static	A
tether_default_damageScale	0.00	0x2002	DEVELOPMENTONLY|REPLICATED	0	0	static	A
tether_default_healthDrain	200	0x2002	DEVELOPMENTONLY|REPLICATED	0	0	static	A
tether_default_healthDrainCutoffPct	0	0x2002	DEVELOPMENTONLY|REPLICATED	0	0	static	A
tether_default_healthDrainDelay	0	0x2002	DEVELOPMENTONLY|REPLICATED	0	0	static	A
tether_default_radius	250	0x2002	DEVELOPMENTONLY|REPLICATED	0	0	static	A
tether_default_strength	25	0x2002	DEVELOPMENTONLY|REPLICATED	0	0	static	A
tether_dodge_damage	0	0x2002	DEVELOPMENTONLY|REPLICATED	0	0	static	A
tether_gravity_dmg_frac_per_sec	0.0	0x2002	DEVELOPMENTONLY|REPLICATED	0	0	static	A
tether_healthDrainNPC	200	0x2002	DEVELOPMENTONLY|REPLICATED	0	0	static	A
tether_maxStretchDamage	50	0x2002	DEVELOPMENTONLY|REPLICATED	0	0	static	A
tether_max_stretch_scale	1.5	0x2002	DEVELOPMENTONLY|REPLICATED	1	0	static	A
tether_max_stretch_strength_mult	2000	0x2002	DEVELOPMENTONLY|REPLICATED	1	0	static	A
tether_maxvel	200	0x2002	DEVELOPMENTONLY|REPLICATED	1	0	static	A
tether_strength_healthScale	1	0x2002	DEVELOPMENTONLY|REPLICATED	0	0	static	A
tether_zipline_scaling_min_vel	200	0x2002	DEVELOPMENTONLY|REPLICATED	1	0	static	A
tether_zipline_strength_scale	0.15	0x2002	DEVELOPMENTONLY|REPLICATED	1	0	static	A
texmgr_tsaa_format	0	0x2	DEVELOPMENTONLY	1	0	static	A
thirdperson_mayamode	0	0x4000	CHEAT	1	1	static	A
thirdperson_screenspace	0	0x2	DEVELOPMENTONLY	1	0	static	A
threatlevel_ch_miles_threatlevel	0	0x2	DEVELOPMENTONLY	1	0	static	A2
threatlevel_ch_miles_threatleveldialogue	1	0x2	DEVELOPMENTONLY	1	0	static	A2
threatlevel_disablechannels	0	0x2	DEVELOPMENTONLY	1	0	static	A
threatlevel_enabled	1	0x2	DEVELOPMENTONLY	1	0	static	A2
timeout	30	0x2	DEVELOPMENTONLY	1	0	static	A
timeout_during_load	120	0x2	DEVELOPMENTONLY	1	0	static	A
timeout_waiting_for_fully_connected	60	0x2	DEVELOPMENTONLY	1	0	static	A
titan_sprint_sound	titan_eject_servos_3p	0x2	DEVELOPMENTONLY	1	0	static	A
toggle_on_jump_to_deactivate	1	0x1000200	USERINFO|SCRIPTS_ONLY	1	0	static	A
toggle_on_jump_to_deactivate_changed	0	0x1000000	SCRIPTS_ONLY	1	0	static	A
tracehull_height_error_check	0	0x2002	DEVELOPMENTONLY|REPLICATED	0	0	static	A
tracer_debug	0	0x4000	CHEAT	1	1	static	A
translucent_brushmodel_colors	1	0x2002	DEVELOPMENTONLY|REPLICATED	1	0	static	A
traversal_anim	1	0x2002	DEVELOPMENTONLY|REPLICATED	1	0	static	A
traversal_cooldown	0.5	0x2002	DEVELOPMENTONLY|REPLICATED	1	0	static	A
traversal_enable	1	0x2002	DEVELOPMENTONLY|REPLICATED	1	0	static	A
traversal_hand_debug	0	0x2002	DEVELOPMENTONLY|REPLICATED	0	0	static	A
traversal_hand_required_width	6	0x2002	DEVELOPMENTONLY|REPLICATED	1	0	static	A
traversal_mantle_cap_camera_height	1	0x2002	DEVELOPMENTONLY|REPLICATED	1	0	static	A
traversal_move_crouch_mantles_enabled	0	0x2002	DEVELOPMENTONLY|REPLICATED	1	0	static	A
traversal_viewLerpInDuration	0.15	0x2002	DEVELOPMENTONLY|REPLICATED	1	0	static	A
traversal_viewLerpOut	1	0x2	DEVELOPMENTONLY	1	0	static	A
traversal_viewLerpOutAngle	1	0x2	DEVELOPMENTONLY	1	0	static	A
traversal_viewLerpOutDebug	0	0x2	DEVELOPMENTONLY	0	0	static	A
traversal_viewLerpOutPos	1	0x2	DEVELOPMENTONLY	1	0	static	A
traversal_window_duration	0.3	0x2002	DEVELOPMENTONLY|REPLICATED	1	0	static	A
traversal_window_enable	1	0x2002	DEVELOPMENTONLY|REPLICATED	1	0	static	A
traversal_window_finish_angle	45	0x2002	DEVELOPMENTONLY|REPLICATED	1	0	static	A
traversal_window_forward_offset	6	0x2002	DEVELOPMENTONLY|REPLICATED	1	0	static	A
traversal_window_hand_vertical_offset	22	0x2002	DEVELOPMENTONLY|REPLICATED	1	0	static	A
traversal_window_sideways_offset	18	0x2002	DEVELOPMENTONLY|REPLICATED	1	0	static	A
traversal_window_view_pitch_max	35	0x4000	CHEAT	1	1	static	A
traversal_window_view_pitch_min	-80	0x4000	CHEAT	1	1	static	A
traversal_window_yaw_max	80	0x4000	CHEAT	1	1	static	A
trident_melee_offset_fix	1	0x82000	REPLICATED|ARCHIVE_XBOX	1	0	static	A
trigger_ignore_nonsolids	1	0x2002	DEVELOPMENTONLY|REPLICATED	1	0	static	A
tsaa_blendfactorincreaseatmaxvelocity	4.0	0x2	DEVELOPMENTONLY	1	0	static	A
tsaa_blendfactorincreasewhenunoccluded	5.0	0x2	DEVELOPMENTONLY	1	0	static	A
tsaa_blendfactormaxesoutatvelocity	0.25	0x2	DEVELOPMENTONLY	1	0	static	A
tsaa_blendfactormodulationonsparklesandunocclusion	1	0x2	DEVELOPMENTONLY	1	0	static	A
tsaa_blendfactoroverride	-1	0x2	DEVELOPMENTONLY	1	0	static	A
tsaa_curframeblendamount	0.05	0x2	DEVELOPMENTONLY	1	0	static	A
tsaa_debugresponsiveflag	0	0x2	DEVELOPMENTONLY	1	0	static	A
tsaa_fixneighborhoodclamping	1	0x2	DEVELOPMENTONLY	1	0	static	A
tsaa_neighborhoodclamping	1	0x2	DEVELOPMENTONLY	1	0	static	A
tsaa_neighborhoodclampingsoftened	1	0x2	DEVELOPMENTONLY	1	0	static	A
tsaa_numsamples	64	0x2	DEVELOPMENTONLY	1	0	static	A
tts_usejob	0	0x2	DEVELOPMENTONLY	1	0	static	A
tweak_light_shadows_every_frame	0	0x2	DEVELOPMENTONLY	1	0	static	A
twitch_check_interval	3600	0x2	DEVELOPMENTONLY	1	0	static	A
twitch_debug	0	0x2002	DEVELOPMENTONLY|REPLICATED	0	0	static	A
twitch_drops		0x210	HIDDEN|USERINFO	1	0	static	A
twitch_drops_initialized	0	0x210	HIDDEN|USERINFO	1	0	static	A
twitch_drops_simulate_failure	0	0x2	DEVELOPMENTONLY	1	0	static	A
twitch_prime_fulfillmentToken		0x210	HIDDEN|USERINFO	1	0	static	A
twitch_prime_rewards		0x210	HIDDEN|USERINFO	1	0	static	A
twitch_shouldQuery	1	0x2	DEVELOPMENTONLY	1	0	static	A
ui_DpadNavigationDeActive	1	0x2	DEVELOPMENTONLY	1	0	static	A
ui_allow_free_loaded_parcel_without_delay	1	0x80000	ARCHIVE_XBOX	1	0	static	A
ui_brightness	1.0f	0x2	DEVELOPMENTONLY	1	0	static	A
ui_cache_resource_data	1	0x80000	ARCHIVE_XBOX	1	0	static	A
ui_culling_for_style_limit_stage_mask	64	0x2	DEVELOPMENTONLY	1	0	static	A
ui_culling_for_style_limit_time_window	10	0x2	DEVELOPMENTONLY	1	0	static	A
ui_fadexui_time	0.5	0x2	DEVELOPMENTONLY	1	0	static	A
ui_gameui_ctrlr_title	0	0x2	DEVELOPMENTONLY	0	0	static	A
ui_gameui_modal	0	0x2	DEVELOPMENTONLY	0	0	static	A
ui_image_enable_robust	1	0x80000	ARCHIVE_XBOX	1	0	static	A2
ui_layout_mode	0	0x40000080	ARCHIVE|NO_MIN_MAX_CHECK	1	0	static	A
ui_loadingscreen_fadein_time	1.0	0x2	DEVELOPMENTONLY	1	0	static	A
ui_loadingscreen_fadeout_time	0.2	0x2	DEVELOPMENTONLY	0	0	static	A
ui_lobby_noautostart	0	0x2	DEVELOPMENTONLY	0	0	static	A
ui_posedebug_fade_in_time	0.2	0x24000	CHEAT|DONTRECORD	1	1	static	A
ui_posedebug_fade_out_time	0.8	0x24000	CHEAT|DONTRECORD	1	1	static	A
ui_text_drawing_new	0	0x2	DEVELOPMENTONLY	1	0	static	A
ui_virtualnav_render	0	0x2	DEVELOPMENTONLY	1	0	static	A
unique_entity_names	0	0x2002	DEVELOPMENTONLY|REPLICATED	1	0	static	A
universal_weapon_disable	1	0x2002	DEVELOPMENTONLY|REPLICATED	0	0	static	A
unload_server_temp_pak	1	0x2	DEVELOPMENTONLY	1	0	static	A
update_player_proxy_visibility	1	0x2002	DEVELOPMENTONLY|REPLICATED	1	0	static	A
use_eadp_shorthash	1	0x80000	ARCHIVE_XBOX	1	0	static	A
use_latest_predicted_time_for_calc_anim_position	1	0x2	DEVELOPMENTONLY	1	0	static	A
use_monitors	1	0x2	DEVELOPMENTONLY	1	0	static	A
use_no_interp_frames	1	0x2	DEVELOPMENTONLY	1	0	static	A
use_presence_to_refresh_userInfoCache	1	0x2	DEVELOPMENTONLY	1	0	static	A
use_refraction_cloak	1	0x2002	DEVELOPMENTONLY|REPLICATED	1	0	static	A
use_sony_pad_library	1	0x2	DEVELOPMENTONLY	1	0	static	A
use_vm_cloak_offset	1.0	0x2	DEVELOPMENTONLY	1	0	static	A
use_ziprail_activity	1	0x2002	DEVELOPMENTONLY|REPLICATED	1	0	static	A
user_tracking_enabled	0	0x12	DEVELOPMENTONLY|HIDDEN	1	0	static	A
usercmd_byte_threshold	1024	0x2	DEVELOPMENTONLY	0	0	static	A
usercmd_frametime_max	0.100	0x2002	DEVELOPMENTONLY|REPLICATED	1	0	static	A
usercmd_frametime_min	0.002857	0x2002	DEVELOPMENTONLY|REPLICATED	1	0	static	A
usercmd_frametime_min_lobby	0.0166	0x2002	DEVELOPMENTONLY|REPLICATED	0	0	static	A
usercmd_frametime_min_observer	0.05	0x2002	DEVELOPMENTONLY|REPLICATED	1	0	static	A
users_hostname		0x80020	PROTECTED|ARCHIVE_XBOX	1	0	static	A
v_centermove	0.15	0x2	DEVELOPMENTONLY	1	0	static	A
v_centerspeed	500	0x2	DEVELOPMENTONLY	1	0	static	A
valk_skyward_launch_stuck_fix	1	0x2002	DEVELOPMENTONLY|REPLICATED	1	0	static	A
valve_relay_cert_refresh_threshold	2	0x2	DEVELOPMENTONLY	1	0	static	A
valve_relay_config_refresh_time	60	0x2	DEVELOPMENTONLY	1	0	static	A
valve_relay_debug_log_level	3	0x2	DEVELOPMENTONLY	1	0	static	A
valve_relay_encrypt_traffic	1	0x2	DEVELOPMENTONLY	1	0	static	A
valve_relay_exclusive_transport	0	0x2	DEVELOPMENTONLY	1	0	static	A
valve_relay_log_identity_lifetime	0	0x2	DEVELOPMENTONLY	1	0	static	A
valve_relay_timeout_jitter	1	0x2	DEVELOPMENTONLY	1	0	static	A
valve_relay_use_config_cache	1	0x2	DEVELOPMENTONLY	1	0	static	A
variable_sights_gravity_scale_override	1.0	0x2	DEVELOPMENTONLY	1	0	static	A
vehicle_predictViaPlayer	0	0x2	DEVELOPMENTONLY	1	0	static	A
vfc_clusteredlighting_2dbounds	3	0x4000	CHEAT	1	1	static	A
vfc_clusteredlighting_pixels_per_cluster	8	0x4000	CHEAT	1	1	static	A
vfc_clusteredlighting_rasterize	2	0x4000	CHEAT	1	1	static	A
vfc_clusteredlighting_skip_behind_depth	1	0x4000	CHEAT	1	1	static	A
vfog_debug_freeze_cbuf	0	0x2	DEVELOPMENTONLY	1	0	static	A
vfog_debug_freeze_volumebuf	0	0x2	DEVELOPMENTONLY	1	0	static	A
vfog_debug_print_num_volumes_in_frame	0	0x2	DEVELOPMENTONLY	0	0	static	A
vfog_debug_show_filled_clusters	0	0x2	DEVELOPMENTONLY	1	0	static	A
vfog_enable	1	0x4000	CHEAT	1	1	static	A
vfog_enable_apply_blur	1	0x2	DEVELOPMENTONLY	1	0	static	A
vfog_enable_taa	1	0x2	DEVELOPMENTONLY	1	0	static	A
vfog_fogbuffer_x	160	0x4000	CHEAT	1	1	static	A
vfog_fogbuffer_y	88	0x4000	CHEAT	1	1	static	A
vfog_fogbuffer_z	64	0x4000	CHEAT	1	1	static	A
vfog_out_of_frustrum_sample_count	4	0x2	DEVELOPMENTONLY	1	0	static	A
vfog_perf_level	-1	0x4000	CHEAT	1	1	static	A
vfog_show_volume_outline	0	0x2	DEVELOPMENTONLY	0	0	static	A
vfog_thin_surface_factor	0	0x2	DEVELOPMENTONLY	1	0	static	A
vfog_zfar	100000	0x2	DEVELOPMENTONLY	1	0	static	A
vfog_znear	5	0x2	DEVELOPMENTONLY	1	0	static	A
vgui_EnableFixedAspectScaling	1	0x2	DEVELOPMENTONLY	1	0	static	A
vgui_drawPolyShapes	0	0x2	DEVELOPMENTONLY	0	0	static	A
vgui_drawfocus	0	0x2	DEVELOPMENTONLY	1	0	static	A
vgui_drawkeyfocus	0	0x2	DEVELOPMENTONLY	1	0	static	A
vgui_interactive	0	0x2	DEVELOPMENTONLY	1	0	static	A
vgui_noquads	0	0x4000	CHEAT	1	1	static	A
vgui_notext	0	0x4000	CHEAT	1	1	static	A
vgui_printFocus	0	0x2	DEVELOPMENTONLY	0	0	static	A
vgui_resize_on_resolution_change	0	0x2	DEVELOPMENTONLY	1	0	static	A
vgui_show_glyph_miss	0	0x2	DEVELOPMENTONLY	1	0	static	A
vgui_simulate_during_bone_setup	1	0x2	DEVELOPMENTONLY	1	0	static	A
video_menu_uiscript_reset	1	0x2	DEVELOPMENTONLY	1	0	static	A
viewDrift	1	0x2002	DEVELOPMENTONLY|REPLICATED	1	0	static	A
viewDrift_ads_delay_debounce_time	0.5	0x2002	DEVELOPMENTONLY|REPLICATED	1	0	static	A
viewDrift_pitch_base1_amp	0	0x2002	DEVELOPMENTONLY|REPLICATED	1	0	static	A
viewDrift_pitch_base1_freq	0	0x2002	DEVELOPMENTONLY|REPLICATED	1	0	static	A
viewDrift_pitch_base1_phase	0	0x2002	DEVELOPMENTONLY|REPLICATED	1	0	static	A
viewDrift_pitch_base2_amp	0	0x2002	DEVELOPMENTONLY|REPLICATED	1	0	static	A
viewDrift_pitch_base2_freq	0	0x2002	DEVELOPMENTONLY|REPLICATED	1	0	static	A
viewDrift_pitch_base2_phase	0	0x2002	DEVELOPMENTONLY|REPLICATED	1	0	static	A
viewDrift_pitch_scaler_amp	0	0x2002	DEVELOPMENTONLY|REPLICATED	1	0	static	A
viewDrift_pitch_scaler_base	0	0x2002	DEVELOPMENTONLY|REPLICATED	1	0	static	A
viewDrift_pitch_scaler_freq	0	0x2002	DEVELOPMENTONLY|REPLICATED	1	0	static	A
viewDrift_pitch_scaler_phase	0	0x2002	DEVELOPMENTONLY|REPLICATED	1	0	static	A
viewDrift_pitch_shifter_amp	0.6	0x2002	DEVELOPMENTONLY|REPLICATED	1	0	static	A
viewDrift_pitch_shifter_freq	2.0	0x2002	DEVELOPMENTONLY|REPLICATED	1	0	static	A
viewDrift_pitch_shifter_phase	1.6	0x2002	DEVELOPMENTONLY|REPLICATED	1	0	static	A
viewDrift_yaw_base1_amp	0	0x2002	DEVELOPMENTONLY|REPLICATED	1	0	static	A
viewDrift_yaw_base1_freq	0	0x2002	DEVELOPMENTONLY|REPLICATED	1	0	static	A
viewDrift_yaw_base1_phase	0	0x2002	DEVELOPMENTONLY|REPLICATED	1	0	static	A
viewDrift_yaw_base2_amp	0	0x2002	DEVELOPMENTONLY|REPLICATED	1	0	static	A
viewDrift_yaw_base2_freq	0	0x2002	DEVELOPMENTONLY|REPLICATED	1	0	static	A
viewDrift_yaw_base2_phase	0	0x2002	DEVELOPMENTONLY|REPLICATED	1	0	static	A
viewDrift_yaw_scaler_amp	0	0x2002	DEVELOPMENTONLY|REPLICATED	1	0	static	A
viewDrift_yaw_scaler_base	0	0x2002	DEVELOPMENTONLY|REPLICATED	1	0	static	A
viewDrift_yaw_scaler_freq	0	0x2002	DEVELOPMENTONLY|REPLICATED	1	0	static	A
viewDrift_yaw_scaler_phase	0	0x2002	DEVELOPMENTONLY|REPLICATED	1	0	static	A
viewDrift_yaw_shifter_amp	0.7	0x2002	DEVELOPMENTONLY|REPLICATED	1	0	static	A
viewDrift_yaw_shifter_freq	1.0	0x2002	DEVELOPMENTONLY|REPLICATED	1	0	static	A
viewDrift_yaw_shifter_phase	-0.6	0x2002	DEVELOPMENTONLY|REPLICATED	1	0	static	A
view_models_draw_early_depth	1	0x2	DEVELOPMENTONLY	1	0	static	A
view_offset_entity_enable	1	0x6000	REPLICATED|CHEAT	1	1	static	A
viewangle_debug	0	0x4002	DEVELOPMENTONLY|CHEAT	1	1	static	A
viewangles_simpler	1	0x2	DEVELOPMENTONLY	1	0	static	A
viewmodelShake	1	0x2	DEVELOPMENTONLY	1	0	static	A
viewmodelShake_sourceRollRange	3	0x2	DEVELOPMENTONLY	1	0	static	A
viewmodel_attachment_fov_fix	1	0x2	DEVELOPMENTONLY	1	0	static	A
viewmodel_bounds_draw	0	0x2	DEVELOPMENTONLY	0	0	static	A
viewmodel_bounds_draw_lock	0	0x2	DEVELOPMENTONLY	0	0	static	A
viewmodel_enforce_monotonic_anim	1	0x82000	REPLICATED|ARCHIVE_XBOX	1	0	static	A
viewmodel_selfshadow	1	0x2	DEVELOPMENTONLY	1	0	static	A
viewmodel_selfshadow_debug_2d	0	0x2	DEVELOPMENTONLY	1	0	static	A
viewmodel_selfshadow_tightbounds	1	0x2	DEVELOPMENTONLY	1	0	static	A
viewportscale	1.0	0x80000	ARCHIVE_XBOX	1	0	static	A
viewpunch_base_springConstantX	65.0	0x2002	DEVELOPMENTONLY|REPLICATED	1	0	static	A
viewpunch_base_springConstantY	65.0	0x2002	DEVELOPMENTONLY|REPLICATED	1	0	static	A
viewpunch_base_springConstantZ	65.0	0x2002	DEVELOPMENTONLY|REPLICATED	1	0	static	A
viewpunch_base_springDampingX	9.0	0x2002	DEVELOPMENTONLY|REPLICATED	1	0	static	A
viewpunch_base_springDampingY	9.0	0x2002	DEVELOPMENTONLY|REPLICATED	1	0	static	A
viewpunch_base_springDampingZ	9.0	0x2002	DEVELOPMENTONLY|REPLICATED	1	0	static	A
violence_ablood	1	0x2	DEVELOPMENTONLY	1	0	static	A
violence_agibs	1	0x2	DEVELOPMENTONLY	1	0	static	A
violence_hblood	1	0x2	DEVELOPMENTONLY	1	0	static	A
violence_hgibs	1	0x2	DEVELOPMENTONLY	1	0	static	A
visible_ent_cone_debug_duration_client	0	0x2	DEVELOPMENTONLY	0	0	static	A
vm_effect_format_attachments	0	0x2	DEVELOPMENTONLY	1	0	static	A
voice_allow_mute_self	0	0x2	DEVELOPMENTONLY	1	0	static	A
voice_always_monitored	1	0x2	DEVELOPMENTONLY	1	0	static	A
voice_clientdebug	0	0x2	DEVELOPMENTONLY	1	0	static	A
voice_debugfeedback	0	0x2	DEVELOPMENTONLY	0	0	static	A
voice_enabled	1	0x1000000	SCRIPTS_ONLY	1	0	static	A
voice_force_volume	-1.0	0x2	DEVELOPMENTONLY	1	0	static	A
voice_input_device		0x80	ARCHIVE	1	0	static	A
voice_late_update	1	0x2	DEVELOPMENTONLY	1	0	static	A
voice_loopback	0	0x200	USERINFO	0	0	static	A
voice_modenable	1	0x40000080	ARCHIVE|NO_MIN_MAX_CHECK	1	0	static	A
voice_noxplat	0	0x2	DEVELOPMENTONLY	1	0	static	A
voice_peak_amplitude	0	0x2	DEVELOPMENTONLY	1	0	static	A
voice_profile	0	0x2	DEVELOPMENTONLY	1	0	static	A
voice_quiet_threshold	1300	0x1000000	SCRIPTS_ONLY	1	0	static	A
voice_quiet_window	40	0x2	DEVELOPMENTONLY	1	0	static	A
voice_recordtofile	0	0x80000	ARCHIVE_XBOX	1	0	static	A
voice_scale	1	0x80	ARCHIVE	0	0	static	A
voice_showchannels	0	0x2	DEVELOPMENTONLY	0	0	static	A
voice_showincoming	0	0x2	DEVELOPMENTONLY	0	0	static	A
voice_threshold_delay	0.3	0x2	DEVELOPMENTONLY	1	0	static	A
voice_volume_saveinterval	2	0x2	DEVELOPMENTONLY	1	0	static	A
voice_vox	1	0x80	ARCHIVE	1	0	static	A
voice_wasapi	1	0x2	DEVELOPMENTONLY	1	0	static	A
voice_xsend_debug	0	0x2	DEVELOPMENTONLY	0	0	static	A
vortex_damageimpulsescale	0.5	0x6000	REPLICATED|CHEAT	0	1	static	A
vram_ignore_driver_budget	0	0x2	DEVELOPMENTONLY	1	0	static	A
vscript_ui_do_delay_init	1	0x12	DEVELOPMENTONLY|HIDDEN	1	0	static	A
vsm_culling	1	0x2	DEVELOPMENTONLY	1	0	static	A
vsm_ignore_edge_planes	0	0x2	DEVELOPMENTONLY	1	0	static	A
vsm_ignore_face_planes	0	0x2	DEVELOPMENTONLY	1	0	static	A
vtx_hostname		0x80000	ARCHIVE_XBOX	1	0	static	A
wall_climb_pose_paramteter_hands_enabled	1	0x2002	DEVELOPMENTONLY|REPLICATED	1	0	static	A
wallclimb_vertical_gain_reduction	128	0x2002	DEVELOPMENTONLY|REPLICATED	1	0	static	A
wallrun_angleChangeMinCos	0.8	0x2002	DEVELOPMENTONLY|REPLICATED	1	0	static	A
wallrun_avoid_wall_top_decel	3000	0x2002	DEVELOPMENTONLY|REPLICATED	1	0	static	A
wallrun_curveDebug	0	0x2002	DEVELOPMENTONLY|REPLICATED	1	0	static	A
wallrun_curveEnable	1	0x2002	DEVELOPMENTONLY|REPLICATED	1	0	static	A
wallrun_debug	0	0x2002	DEVELOPMENTONLY|REPLICATED	1	0	static	A
wallrun_enable	1	0x2002	DEVELOPMENTONLY|REPLICATED	1	0	static	A
wallrun_fallAwaySpeed	70.0	0x2002	DEVELOPMENTONLY|REPLICATED	1	0	static	A
wallrun_hangStopTime	0.5	0x2002	DEVELOPMENTONLY|REPLICATED	1	0	static	A
wallrun_hangslipduration	1.0	0x2002	DEVELOPMENTONLY|REPLICATED	1	0	static	A
wallrun_hangslipstarttime	3.0	0x2002	DEVELOPMENTONLY|REPLICATED	1	0	static	A
wallrun_maxViewTilt	10.0	0x2002	DEVELOPMENTONLY|REPLICATED	1	0	static	A
wallrun_minAngle_air	180.0	0x2002	DEVELOPMENTONLY|REPLICATED	1	0	static	A
wallrun_noInputSlipFrac	0.7	0x2002	DEVELOPMENTONLY|REPLICATED	1	0	static	A
wallrun_pushAwayFallOffTime	0.05	0x2002	DEVELOPMENTONLY|REPLICATED	1	0	static	A
wallrun_repelEnable	1	0x2002	DEVELOPMENTONLY|REPLICATED	1	0	static	A
wallrun_repelSoftness	5.0	0x2002	DEVELOPMENTONLY|REPLICATED	0	0	static	A
wallrun_repelTimeMax	0.4	0x2002	DEVELOPMENTONLY|REPLICATED	0	0	static	A
wallrun_repelTimeMin	0.2	0x2002	DEVELOPMENTONLY|REPLICATED	0	0	static	A
wallrun_retry_interval	0.07	0x2002	DEVELOPMENTONLY|REPLICATED	1	0	static	A
wallrun_rotateMaxRate	3	0x2002	DEVELOPMENTONLY|REPLICATED	1	0	static	A
wallrun_sameWallDist	100	0x2002	DEVELOPMENTONLY|REPLICATED	1	0	static	A
wallrun_sameWallDot	0.9	0x2002	DEVELOPMENTONLY|REPLICATED	1	0	static	A
wallrun_sameWallSlope	0	0x2002	DEVELOPMENTONLY|REPLICATED	1	0	static	A
wallrun_slipduration	1.0	0x2002	DEVELOPMENTONLY|REPLICATED	1	0	static	A
wallrun_slipstarttime	1.5	0x2002	DEVELOPMENTONLY|REPLICATED	1	0	static	A
wallrun_strengthLossEnd	1000	0x2002	DEVELOPMENTONLY|REPLICATED	1	0	static	A
wallrun_strengthLossStart	1000	0x2002	DEVELOPMENTONLY|REPLICATED	1	0	static	A
wallrun_upwardAutoPush	0.65	0x2002	DEVELOPMENTONLY|REPLICATED	1	0	static	A
wallrun_viewTiltPredictTime	0.25	0x2002	DEVELOPMENTONLY|REPLICATED	1	0	static	A
wallrun_viewTiltSpeed	6.0	0x2002	DEVELOPMENTONLY|REPLICATED	1	0	static	A
was_loaded		0x12002	DEVELOPMENTONLY|REPLICATED|DEMO	1	0	static	A
watchdog_active_during_assert_reporting	0	0x2	DEVELOPMENTONLY	0	0	static	A
watchdog_active_in_debugger	0	0x2	DEVELOPMENTONLY	1	0	static	A
watchdog_debug	0	0x2	DEVELOPMENTONLY	0	0	static	A
watchdog_dialog	1	0x80000	ARCHIVE_XBOX	1	0	static	A
watchdog_ignore_time_seconds	15	0x80000	ARCHIVE_XBOX	1	0	static	A
watchdog_log_thread_callstacks	1	0x2	DEVELOPMENTONLY	0	0	static	A
watchdog_low_fps_report_threshold	0	0x80000	ARCHIVE_XBOX	1	0	static	A
watchdog_low_fps_report_time_seconds	0	0x80000	ARCHIVE_XBOX	1	0	static	A
watchdog_noassert	0	0x2	DEVELOPMENTONLY	0	0	static	A
watchdog_sleep_time_milliseconds	1000	0x80000	ARCHIVE_XBOX	1	0	static	A
watchdog_time_milliseconds	0	0x80000	ARCHIVE_XBOX	1	0	static	A
waypoint_deferred_update	0	0x2	DEVELOPMENTONLY	1	0	static	A
weaponFastHolsterScale	0.25	0x2002	DEVELOPMENTONLY|REPLICATED	1	0	static	A
weaponModDebug	0	0x2002	DEVELOPMENTONLY|REPLICATED	1	0	static	A
weaponSwitch3p_checkNewWeapon	1	0x2002	DEVELOPMENTONLY|REPLICATED	1	0	static	A
weaponSwitch3p_onHolster	1	0x2002	DEVELOPMENTONLY|REPLICATED	1	0	static	A
weapon_activity_modifier_fully_charged_weapon_specific	1	0x2002	DEVELOPMENTONLY|REPLICATED	1	0	static	A
weapon_auto_swap_ordnance_no_ammo	0	0x2002	DEVELOPMENTONLY|REPLICATED	0	0	static	A
weapon_check_custom_client_cmd	1	0x2002	DEVELOPMENTONLY|REPLICATED	1	0	static	A
weapon_debugScript	0	0x2002	DEVELOPMENTONLY|REPLICATED	0	0	static	A
weapon_deferredstop_on_natural_inspect_stop	0	0x2	DEVELOPMENTONLY	1	0	static	A
weapon_doIdleForSurvivalMelee	0	0x2	DEVELOPMENTONLY	1	0	static	A
weapon_friendly_fire_prevent_ui		0x2	DEVELOPMENTONLY	1	0	static	A
weapon_fxAlias_3pskins	1	0x2002	DEVELOPMENTONLY|REPLICATED	1	0	static	A
weapon_hide_heirlooms_during_valk_ult	1	0x2	DEVELOPMENTONLY	1	0	static	A
weapon_mastery_trials_version	2	0x2002	DEVELOPMENTONLY|REPLICATED	0	0	static	A
weapon_meleeButtonPressProtection	1	0x2002	DEVELOPMENTONLY|REPLICATED	1	0	static	A
weapon_parentingFixLerp	1	0x2	DEVELOPMENTONLY	1	0	static	A
weapon_pickup_allow_dupes	1	0x2002	DEVELOPMENTONLY|REPLICATED	1	0	static	A
weapon_poseParamMaxDistance	6000	0x2	DEVELOPMENTONLY	1	0	static	A
weapon_render_with_fastpath	1	0x2	DEVELOPMENTONLY	1	0	static	A
weapon_setting_autocycle_on_empty	1	0x41000200	USERINFO|SCRIPTS_ONLY|NO_MIN_MAX_CHECK	1	0	static	A
weapon_sprint_raise_delay	1	0x2002	DEVELOPMENTONLY|REPLICATED	1	0	static	A
weapons_onehanded_traverse	1	0x2002	DEVELOPMENTONLY|REPLICATED	1	0	static	A
weaponx_predicting_client_only_optimization	1	0x2002	DEVELOPMENTONLY|REPLICATED	0	0	static	A
weaponx_smartammo_data_optimization	0	0x2002	DEVELOPMENTONLY|REPLICATED	0	0	static	A
wind_dir	0 1 0	0x2	DEVELOPMENTONLY	0	0	static	A
wind_draw_dir	0	0x2	DEVELOPMENTONLY	0	0	static	A
wind_draw_emitters	0	0x2	DEVELOPMENTONLY	0	0	static	A
wind_draw_overlap_only	0	0x2	DEVELOPMENTONLY	0	0	static	A
wind_draw_volumes	0	0x2	DEVELOPMENTONLY	0	0	static	A
wind_enabled	1	0x2	DEVELOPMENTONLY	0	0	static	A
wind_gust_scale	1	0x2	DEVELOPMENTONLY	0	0	static	A
wind_override_color	0	0x2	DEVELOPMENTONLY	0	0	static	A
wind_override_flags	0	0x2	DEVELOPMENTONLY	0	0	static	A
wind_override_time	0	0x2	DEVELOPMENTONLY	0	0	static	A
wind_override_volumes	0	0x2	DEVELOPMENTONLY	0	0	static	A
wind_speed	10	0x2	DEVELOPMENTONLY	0	0	static	A
wind_speed_multiplier	1	0xa	DEVELOPMENTONLY|CLIENTDLL	1	0	static	A
wind_speed_multiplier_fx	1	0xa	DEVELOPMENTONLY|CLIENTDLL	1	0	static	A
wind_time	0	0x2	DEVELOPMENTONLY	0	0	static	A
window_hint_debug	0	0x2002	DEVELOPMENTONLY|REPLICATED	0	0	static	A
window_hint_fov_down	0	0x2002	DEVELOPMENTONLY|REPLICATED	1	0	static	A
window_hint_fov_horz	60	0x2002	DEVELOPMENTONLY|REPLICATED	1	0	static	A
window_hint_fov_up	60	0x2002	DEVELOPMENTONLY|REPLICATED	1	0	static	A
window_hint_keyboard_fov_horz	7	0x2002	DEVELOPMENTONLY|REPLICATED	1	0	static	A
window_hint_lookahead_time	0.8	0x2002	DEVELOPMENTONLY|REPLICATED	1	0	static	A
window_hint_max_horz_vel_change_dot	0.966f	0x2002	DEVELOPMENTONLY|REPLICATED	1	0	static	A
window_hint_max_vel_change_down	150	0x2002	DEVELOPMENTONLY|REPLICATED	1	0	static	A
window_hint_max_vel_change_up	80	0x2002	DEVELOPMENTONLY|REPLICATED	1	0	static	A
window_hint_min_horz_vel	100	0x2002	DEVELOPMENTONLY|REPLICATED	1	0	static	A
window_hint_permissive_max_horz_vel_change_dot	0.88f	0x2002	DEVELOPMENTONLY|REPLICATED	1	0	static	A
window_hint_permissive_max_vel_change_down	300	0x2002	DEVELOPMENTONLY|REPLICATED	1	0	static	A
window_hint_permissive_max_vel_change_up	300	0x2002	DEVELOPMENTONLY|REPLICATED	1	0	static	A
xlog_tls_allow_vip_upload	1	0x1000000	SCRIPTS_ONLY	1	0	static	A
z_ragdoll_impact_strength	500	0x2	DEVELOPMENTONLY	1	0	static	A
zipline_check_usable_before_deploy	1	0x2002	DEVELOPMENTONLY|REPLICATED	1	0	static	A
zipline_cooldown_apply_cooldown_across_ziplines	1	0x2002	DEVELOPMENTONLY|REPLICATED	1	0	static	A
zipline_cooldown_debug	0	0x2	DEVELOPMENTONLY	0	0	static	A
zipline_cooldown_decay	0	0x2	DEVELOPMENTONLY	1	0	static	A
zipline_cooldown_decay_rate	0.5	0x2	DEVELOPMENTONLY	1	0	static	A
zipline_cooldown_enabled			(動的登録: 既定値は静的取得不可)	1	0	dynamic	C
zipline_cooldown_time_0	0.1	0x2	DEVELOPMENTONLY	1	0	static	A2
zipline_cooldown_time_1	0.2	0x2	DEVELOPMENTONLY	0	0	static	A2
zipline_cooldown_time_2	1.0	0x2	DEVELOPMENTONLY	0	0	static	A2
zipline_cooldown_time_3	3.0	0x2	DEVELOPMENTONLY	1	0	static	A2
zipline_cooldown_time_4	5.0	0x2	DEVELOPMENTONLY	1	0	static	A2
zipline_detection_player_in_front	1	0x80000	ARCHIVE_XBOX	1	0	static	A
zipline_disable_weapons_during_mount	0	0x2	DEVELOPMENTONLY	1	0	static	A
zipline_disallow_in_oob_trigger	1	0x2002	DEVELOPMENTONLY|REPLICATED	1	0	static	A
zipline_fade_dist	6000	0x2	DEVELOPMENTONLY	1	0	static	A
zipline_path_drawAllExtents	0	0x2	DEVELOPMENTONLY	1	0	static	A
zipline_path_mount_debug	0	0x2	DEVELOPMENTONLY	1	0	static	A
zipline_path_mount_debug_crosshair_dist	0	0x2	DEVELOPMENTONLY	1	0	static	A
zipline_ping_enabled	1	0x2002	DEVELOPMENTONLY|REPLICATED	1	0	static	A
zipline_roll_debug_draw	0	0x2	DEVELOPMENTONLY	1	0	static	A
zipline_roll_minSpeedFraction	0.5	0x2	DEVELOPMENTONLY	1	0	static	A
zipline_slope_offset_correction	0	0x2	DEVELOPMENTONLY	1	0	static	A
zipline_slope_offset_correction_debug	0	0x2	DEVELOPMENTONLY	0	0	static	A
zipline_subdiv_lod_dist_base	150	0x2	DEVELOPMENTONLY	1	0	static	A
zipline_subdiv_slices	6	0x2	DEVELOPMENTONLY	1	0	static	A
zipline_subdiv_slices_lod	4	0x2	DEVELOPMENTONLY	1	0	static	A
zipline_subdiv_stacks	6	0x2	DEVELOPMENTONLY	1	0	static	A
zipline_use_range	120.0	0x2	DEVELOPMENTONLY	1	0	static	A
ziprail_3pBank	1	0x2002	DEVELOPMENTONLY|REPLICATED	1	0	static	A
ziprail_3pBank_Anim	1	0x2002	DEVELOPMENTONLY|REPLICATED	1	0	static	A
ziprail_adaptive_stackSubdiv	1	0x2	DEVELOPMENTONLY	1	0	static	A
ziprail_duck_detach	0	0x2002	DEVELOPMENTONLY|REPLICATED	1	0	static	A
ziprail_grapple_disable	0	0x2	DEVELOPMENTONLY	1	0	static	A
ziprail_max_tolerance_distance	60000	0x2	DEVELOPMENTONLY	1	0	static	A
ziprail_max_tolerance_value	5	0x2	DEVELOPMENTONLY	1	0	static	A
ziprail_mid_mount	1	0x2	DEVELOPMENTONLY	1	0	static	A
ziprail_path_extends_fudge_factor	128.0	0x2	DEVELOPMENTONLY	1	0	static	A
ziprail_path_max_subSectionLen	600	0x2	DEVELOPMENTONLY	1	0	static	A
ziprail_path_section_tolerance	10	0x2	DEVELOPMENTONLY	1	0	static	A
ziprail_roll_debug	0	0x2	DEVELOPMENTONLY	1	0	static	A
ziprail_roll_strength	1	0x1000000	SCRIPTS_ONLY	1	0	static	A
ziprail_rope_render	1	0x2	DEVELOPMENTONLY	1	0	static	A
ziprail_shape	0	0x2	DEVELOPMENTONLY	1	0	static	A
ziprail_shape_bigAngleStep	100	0x2	DEVELOPMENTONLY	1	0	static	A
ziprail_speed_change	1	0x2	DEVELOPMENTONLY	1	0	static	A
ziprail_speed_debug	0	0x2	DEVELOPMENTONLY	0	0	static	A
ziprail_subdiv_lod_dist_base	600	0x2	DEVELOPMENTONLY	1	0	static	A
ziprail_subdiv_stacks	16	0x2	DEVELOPMENTONLY	1	0	static	A
ziprail_subdiv_stacks_lod	8	0x2	DEVELOPMENTONLY	1	0	static	A
ziprail_width	4.0	0x2002	DEVELOPMENTONLY|REPLICATED	1	0	static	A
